episode,monotonic_sec,latency_ms,cpu_percent,rss_mb,inference_latency_ms,kl_mean,w1_mean,mmd
0,7410.334069,,0.000,29.312,0.000,,,
0,7410.354462,,0.000,29.312,0.000,,,
0,7410.374566,,0.000,29.312,0.000,,,
0,7410.382092,,0.000,29.312,0.000,,,
0,7410.391474,,0.000,29.312,0.000,0.000000,0.000000,0.000000
0,7410.391768,,0.000,29.312,0.000,0.000000,0.000000,0.000000
0,7410.729647,,0.000,29.312,0.000,0.000000,0.000000,0.000000
0,7410.730040,,0.000,29.312,0.000,0.000000,0.000000,0.000000
0,7410.730216,,0.000,29.312,0.000,0.000000,0.000000,0.000000
0,7410.730403,,0.000,29.312,0.000,0.000000,0.000000,0.000000
0,7410.730555,,0.000,29.312,0.000,0.000000,0.000000,0.000000
0,7410.730662,,0.000,29.312,0.000,0.000000,0.000000,0.000000
0,7410.730840,,0.000,29.312,0.328,0.000000,0.000000,0.000000
0,7410.730998,,0.000,29.312,0.328,0.000000,0.000000,0.000000
0,7410.731100,,0.000,29.312,0.328,0.000000,0.000000,0.000000
0,7410.731245,,0.000,29.312,0.328,0.000000,0.000000,0.000000
0,7410.731388,,0.000,29.312,0.328,0.000000,0.000000,0.000000
0,7410.731533,,0.000,29.312,0.328,0.000000,0.000000,0.000000
0,7410.732173,,0.000,29.312,0.328,0.000000,0.000000,0.000000
0,7410.741295,,0.000,29.312,0.328,0.000000,0.000000,0.000000
0,7410.741529,,0.000,29.312,0.328,0.000000,0.000000,0.000000
0,7410.741626,357.668877,0.000,29.312,0.328,0.000000,0.000000,0.000000
0,7410.741803,357.668877,0.000,29.312,0.328,0.000000,0.000000,0.000000
0,7410.741953,357.668877,0.000,29.312,0.328,0.000000,0.000000,0.000000
0,7410.742111,357.668877,0.000,29.312,0.328,0.000000,0.000000,0.000000
0,7410.742258,357.668877,0.000,29.312,0.328,0.000000,0.000000,0.000000
0,7410.742417,357.668877,0.000,29.312,0.328,0.000000,0.000000,0.000000
0,7410.742559,357.668877,0.000,29.312,0.328,0.000000,0.000000,0.000000
0,7410.742702,357.668877,0.000,29.312,0.328,0.000000,0.000000,0.000000
0,7410.751661,17.841816,0.000,29.312,0.328,0.000000,0.000000,0.000000
0,7410.772135,17.841816,0.000,29.312,0.328,0.000000,0.000000,0.000000
0,7410.784596,17.841816,0.000,29.312,0.328,0.000000,0.000000,0.000000
0,7410.790379,5.814075,0.000,29.312,0.328,0.000000,0.000000,0.000000
0,7410.791841,5.814075,0.000,29.312,0.328,0.000000,0.000000,0.000000
0,7410.792541,5.814075,0.000,29.312,0.328,0.000000,0.000000,0.000000
0,7410.802413,5.814075,0.000,29.312,0.328,0.000000,0.000000,0.000000
0,7410.812401,5.814075,0.000,29.312,0.328,0.000000,0.000000,0.000000
0,7410.822035,5.814075,0.000,29.312,0.328,0.000000,0.000000,0.000000
0,7410.831675,5.814075,0.000,29.312,0.328,0.000000,0.000000,0.000000
0,7410.835136,5.814075,0.000,29.312,0.328,0.000000,0.000000,0.000000
0,7410.855689,5.814075,0.000,29.312,0.328,0.000000,0.000000,0.000000
0,7410.874057,38.820505,0.000,29.312,0.328,0.000000,0.000000,0.000000
0,7410.882115,38.820505,0.000,29.312,0.328,0.000000,0.000000,0.000000
0,7410.885446,38.820505,0.000,29.312,0.328,0.000000,0.000000,0.000000
0,7410.892425,7.220268,0.000,29.312,0.328,0.000000,0.000000,0.000000
0,7410.893157,7.220268,0.000,29.312,0.328,0.000000,0.000000,0.000000
0,7410.902197,7.220268,0.000,29.312,0.328,0.000000,0.000000,0.000000
0,7410.912176,7.220268,0.000,29.312,0.328,0.000000,0.000000,0.000000
0,7410.933098,7.220268,0.000,29.312,0.328,0.000000,0.000000,0.000000
0,7410.934654,7.220268,0.000,29.312,0.328,0.000000,0.000000,0.000000
0,7410.955276,7.220268,0.000,29.312,0.328,0.000000,0.000000,0.000000
0,7410.955930,21.631241,0.000,29.312,0.328,0.000000,0.000000,0.000000
0,7410.961659,21.631241,0.000,29.312,0.328,0.000000,0.000000,0.000000
0,7410.971653,21.631241,0.000,29.312,0.328,0.000000,0.000000,0.000000
0,7410.981560,21.631241,0.000,29.312,0.328,0.000000,0.000000,0.000000
0,7410.983984,21.631241,0.000,29.312,0.328,0.000000,0.000000,0.000000
0,7410.992089,21.631241,0.000,29.312,0.328,0.000000,0.000000,0.000000
0,7410.992826,8.757850,0.000,29.312,0.328,0.000000,0.000000,0.000000
0,7411.002254,8.757850,0.000,29.312,0.328,0.000000,0.000000,0.000000
0,7411.023096,8.757850,0.000,29.312,0.328,0.000000,0.000000,0.000000
0,7411.034785,8.757850,0.000,29.312,0.328,0.000000,0.000000,0.000000
0,7411.040314,5.655050,0.000,29.312,0.328,0.000000,0.000000,0.000000
0,7411.042108,5.655050,0.000,29.312,0.328,0.000000,0.000000,0.000000
0,7411.052206,5.655050,0.000,29.312,0.328,0.000000,0.000000,0.000000
0,7411.062280,5.655050,0.000,29.312,0.328,0.000000,0.000000,0.000000
0,7411.072415,5.655050,0.000,29.312,0.328,0.000000,0.000000,0.000000
0,7411.082217,5.655050,0.000,29.312,0.328,0.000000,0.000000,0.000000
0,7411.084498,5.655050,0.000,29.312,0.328,0.000000,0.000000,0.000000
0,7411.091876,5.655050,0.000,29.312,0.328,0.000000,0.000000,0.000000
0,7411.112224,5.655050,0.000,29.312,0.328,0.000000,0.000000,0.000000
0,7411.123141,38.655472,0.000,29.312,0.328,0.000000,0.000000,0.000000
0,7411.131912,38.655472,0.000,29.312,0.328,0.000000,0.000000,0.000000
0,7411.133863,38.655472,0.000,29.312,0.328,0.000000,0.000000,0.000000
0,7411.141803,7.917508,0.000,29.312,0.328,0.000000,0.000000,0.000000
0,7411.152252,7.917508,0.000,29.312,0.328,0.000000,0.000000,0.000000
0,7411.161657,7.917508,0.000,29.312,0.328,0.000000,0.000000,0.000000
0,7411.182114,7.917508,0.000,29.312,0.328,0.000000,0.000000,0.000000
0,7411.184682,7.917508,0.000,29.312,0.328,0.000000,0.000000,0.000000
0,7411.205248,7.917508,0.000,29.312,0.328,0.000000,0.000000,0.000000
0,7411.206858,22.419691,0.000,29.312,0.328,0.000000,0.000000,0.000000
0,7411.211780,22.419691,0.000,29.312,0.328,0.000000,0.000000,0.000000
0,7411.214407,22.419691,0.000,29.312,0.328,0.000000,0.000000,0.000000
0,7411.221885,22.419691,0.000,29.312,0.328,0.000000,0.000000,0.000000
0,7411.231875,22.419691,0.000,29.312,0.328,0.000000,0.000000,0.000000
0,7411.233967,22.419691,0.000,29.312,0.328,0.000000,0.000000,0.000000
0,7411.241972,7.992921,0.000,29.312,0.328,0.000000,0.000000,0.000000
0,7411.251907,7.992921,0.000,29.312,0.328,0.000000,0.000000,0.000000
0,7411.272356,7.992921,0.000,29.312,0.328,0.000000,0.000000,0.000000
0,7411.284816,7.992921,0.000,29.312,0.328,0.000000,0.000000,0.000000
0,7411.289394,7.992921,0.000,29.312,0.328,0.000000,0.000000,0.000000
0,7411.289650,5.342722,0.000,29.312,0.328,0.000000,0.000000,0.000000
0,7411.291840,5.342722,0.000,29.312,0.328,0.000000,0.000000,0.000000
0,7411.301900,5.342722,0.000,29.312,0.328,0.000000,0.000000,0.000000
0,7411.311839,5.342722,0.000,29.312,0.328,0.000000,0.000000,0.000000
0,7411.321765,5.342722,0.000,29.312,0.328,0.000000,0.000000,0.000000
0,7411.331681,5.342722,0.000,29.312,0.328,0.000000,0.000000,0.000000
0,7411.334011,5.342722,0.000,29.312,0.328,0.000000,0.000000,0.000000
0,7411.354548,5.342722,0.000,29.312,0.328,0.000000,0.000000,0.000000
0,7411.373100,38.978046,0.000,29.312,0.328,0.000000,0.000000,0.000000
0,7411.381908,38.978046,0.000,29.312,0.328,0.000000,0.000000,0.000000
0,7411.384276,38.978046,0.000,29.312,0.328,0.000000,0.000000,0.000000
0,7411.388715,38.978046,0.000,29.312,0.328,0.000000,0.000000,0.000000
0,7411.391954,7.702146,0.000,29.312,0.328,0.000000,0.000000,0.000000
0,7411.401985,7.702146,0.000,29.312,0.328,0.000000,0.000000,0.000000
0,7411.411859,7.702146,0.000,29.312,0.328,0.000000,0.000000,0.000000
0,7411.432313,7.702146,0.000,29.312,0.328,0.000000,0.000000,0.000000
0,7411.434614,7.702146,0.000,29.312,0.328,0.000000,0.000000,0.000000
0,7411.455143,7.702146,0.000,29.312,0.328,0.000000,0.000000,0.000000
0,7411.475592,7.702146,0.000,29.312,0.328,0.000000,0.000000,0.000000
0,7411.496056,7.702146,0.000,29.312,0.328,0.000000,0.000000,0.000000
0,7411.516529,7.702146,0.000,29.312,0.328,0.000000,0.000000,0.000000
0,7411.537014,7.702146,0.000,29.312,0.328,0.000000,0.000000,0.000000
0,7411.557519,7.702146,0.000,29.312,0.328,0.000000,0.000000,0.000000
0,7411.577930,7.702146,0.000,29.312,0.328,0.000000,0.000000,0.000000
0,7411.598394,7.702146,0.000,29.312,0.328,0.000000,0.000000,0.000000
0,7411.618806,7.702146,0.000,29.312,0.328,0.000000,0.000000,0.000000
0,7411.639479,7.702146,0.000,29.312,0.328,0.000000,0.000000,0.000000
0,7411.659994,7.702146,0.000,29.312,0.328,0.000000,0.000000,0.000000
0,7411.680528,7.702146,0.000,29.312,0.328,0.000000,0.000000,0.000000
0,7411.701026,7.702146,0.000,29.312,0.328,0.000000,0.000000,0.000000
0,7411.721504,7.702146,0.000,29.312,0.328,0.000000,0.000000,0.000000
0,7411.742128,7.702146,0.000,29.312,0.328,0.000000,0.000000,0.000000
0,7411.761406,7.702146,0.000,29.312,0.328,0.000000,0.000000,0.000000
0,7411.761513,227.676868,0.000,29.312,0.328,0.000000,0.000000,0.000000
0,7411.761640,227.676868,0.000,29.312,0.328,0.000000,0.000000,0.000000
0,7411.761751,227.676868,0.000,29.312,0.330,0.000000,0.000000,0.000000
0,7411.761938,227.676868,0.000,29.312,0.330,0.000000,0.000000,0.000000
0,7411.761995,187.511683,0.000,29.312,0.330,0.000000,0.000000,0.000000
0,7411.762067,187.511683,0.000,29.312,0.330,0.000000,0.000000,0.000000
0,7411.762188,187.511683,0.000,29.312,0.330,0.000000,0.000000,0.000000
0,7411.762241,147.677898,0.000,29.312,0.330,0.000000,0.000000,0.000000
0,7411.762308,147.677898,0.000,29.312,0.330,0.000000,0.000000,0.000000
0,7411.762424,147.677898,0.000,29.312,0.330,0.000000,0.000000,0.000000
0,7411.762477,107.647896,0.000,29.312,0.330,0.000000,0.000000,0.000000
0,7411.762591,107.647896,0.000,29.312,0.330,0.000000,0.000000,0.000000
0,7411.762640,67.460299,0.000,29.312,0.330,0.000000,0.000000,0.000000
0,7411.762750,67.460299,0.000,29.312,0.330,0.000000,0.000000,0.000000
0,7411.783111,67.460299,0.000,29.312,0.330,0.000000,0.000000,0.000000
0,7411.784719,67.460299,0.000,29.312,0.330,0.000000,0.000000,0.000000
0,7411.789149,67.460299,0.000,29.312,0.330,0.000000,0.000000,0.000000
0,7411.790787,6.234646,0.000,29.312,0.330,0.000000,0.000000,0.000000
0,7411.791694,6.234646,0.000,29.312,0.330,0.000000,0.000000,0.000000
0,7411.801651,6.234646,0.000,29.312,0.330,0.000000,0.000000,0.000000
0,7411.811796,6.234646,0.000,29.312,0.330,0.000000,0.000000,0.000000
0,7411.821802,6.234646,0.000,29.312,0.330,0.000000,0.000000,0.000000
0,7411.831745,6.234646,0.000,29.312,0.330,0.000000,0.000000,0.000000
0,7411.833994,6.234646,0.000,29.312,0.330,0.000000,0.000000,0.000000
0,7411.854388,6.234646,0.000,29.312,0.330,0.000000,0.000000,0.000000
0,7411.873500,39.404905,0.000,29.312,0.330,0.000000,0.000000,0.000000
0,7411.882272,39.404905,0.000,29.312,0.330,0.000000,0.000000,0.000000
0,7411.884259,39.404905,0.000,29.312,0.330,0.000000,0.000000,0.000000
0,7411.888692,39.404905,0.000,29.312,0.330,0.000000,0.000000,0.000000
0,7411.891999,7.753676,0.000,29.312,0.330,0.000000,0.000000,0.000000
0,7411.902016,7.753676,0.000,29.312,0.330,0.000000,0.000000,0.000000
0,7411.911924,7.753676,0.000,29.312,0.330,0.000000,0.000000,0.000000
0,7411.932710,7.753676,0.000,29.312,0.330,0.000000,0.000000,0.000000
0,7411.934245,7.753676,0.000,29.312,0.330,0.000000,0.000000,0.000000
0,7411.954964,7.753676,0.000,29.312,0.330,0.000000,0.000000,0.000000
0,7411.956801,22.537836,0.000,29.312,0.330,0.000000,0.000000,0.000000
0,7411.961987,22.537836,0.000,29.312,0.330,0.000000,0.000000,0.000000
0,7411.972015,22.537836,0.000,29.312,0.330,0.000000,0.000000,0.000000
0,7411.981902,22.537836,0.000,29.312,0.330,0.000000,0.000000,0.000000
0,7411.984425,22.537836,0.000,29.312,0.330,0.000000,0.000000,0.000000
0,7411.989330,22.537836,0.000,29.312,0.330,0.000000,0.000000,0.000000
0,7411.992234,7.854462,0.000,29.312,0.330,0.000000,0.000000,0.000000
0,7412.002515,7.854462,0.000,29.312,0.330,0.000000,0.000000,0.000000
0,7412.022865,7.854462,0.000,29.312,0.330,0.000000,0.000000,0.000000
0,7412.034257,7.854462,0.000,29.312,0.330,0.000000,0.000000,0.000000
0,7412.040309,5.991223,0.000,29.312,0.330,0.000000,0.000000,0.000000
0,7412.042027,5.991223,0.000,29.312,0.330,0.000000,0.000000,0.000000
0,7412.052292,5.991223,0.000,29.312,0.330,0.000000,0.000000,0.000000
0,7412.062168,5.991223,0.000,29.312,0.330,0.000000,0.000000,0.000000
0,7412.071872,5.991223,0.000,29.312,0.330,0.000000,0.000000,0.000000
0,7412.082066,5.991223,0.000,29.312,0.330,0.000000,0.000000,0.000000
0,7412.084133,5.991223,0.000,29.312,0.330,0.000000,0.000000,0.000000
0,7412.088863,5.991223,0.000,29.312,0.330,0.000000,0.000000,0.000000
0,7412.109244,5.991223,0.000,29.312,0.330,0.000000,0.000000,0.000000
0,7412.123526,39.230212,0.000,29.312,0.330,0.000000,0.000000,0.000000
0,7412.131850,39.230212,0.000,29.312,0.330,0.000000,0.000000,0.000000
0,7412.134079,39.230212,0.000,29.312,0.330,0.000000,0.000000,0.000000
0,7412.141650,7.682562,0.000,29.312,0.330,0.000000,0.000000,0.000000
0,7412.151885,7.682562,0.000,29.312,0.330,0.000000,0.000000,0.000000
0,7412.161959,7.682562,0.000,29.312,0.330,0.000000,0.000000,0.000000
0,7412.182493,7.682562,0.000,29.312,0.330,0.000000,0.000000,0.000000
0,7412.184434,7.682562,0.000,29.312,0.330,0.000000,0.000000,0.000000
0,7412.188728,7.682562,0.000,29.312,0.330,0.000000,0.000000,0.000000
0,7412.207261,22.731556,0.000,29.312,0.330,0.000000,0.000000,0.000000
0,7412.211839,22.731556,0.000,29.312,0.330,0.000000,0.000000,0.000000
0,7412.221797,22.731556,0.000,29.312,0.330,0.000000,0.000000,0.000000
0,7412.231738,22.731556,0.000,29.312,0.330,0.000000,0.000000,0.000000
0,7412.233993,22.731556,0.000,29.312,0.330,0.000000,0.000000,0.000000
0,7412.241500,7.658482,0.000,29.312,0.330,0.000000,0.000000,0.000000
0,7412.252069,7.658482,0.000,29.312,0.330,0.000000,0.000000,0.000000
0,7412.272454,7.658482,0.000,29.312,0.330,0.000000,0.000000,0.000000
0,7412.284600,7.658482,0.000,29.312,0.330,0.000000,0.000000,0.000000
0,7412.290014,7.658482,0.000,29.312,0.330,0.000000,0.000000,0.000000
0,7412.290928,6.532431,0.000,29.312,0.330,0.000000,0.000000,0.000000
0,7412.291668,6.532431,0.000,29.312,0.330,0.000000,0.000000,0.000000
0,7412.302293,6.532431,0.000,29.312,0.330,0.000000,0.000000,0.000000
0,7412.311832,6.532431,0.000,29.312,0.330,0.000000,0.000000,0.000000
0,7412.322020,6.532431,0.000,29.312,0.330,0.000000,0.000000,0.000000
0,7412.331764,6.532431,0.000,29.312,0.330,0.000000,0.000000,0.000000
0,7412.334312,6.532431,0.000,29.312,0.330,0.000000,0.000000,0.000000
0,7412.354739,6.532431,0.000,29.312,0.330,0.000000,0.000000,0.000000
0,7412.373651,39.226637,0.000,29.312,0.330,0.000000,0.000000,0.000000
0,7412.382078,39.226637,0.000,29.312,0.330,0.000000,0.000000,0.000000
0,7412.384275,39.226637,0.000,29.312,0.330,0.000000,0.000000,0.000000
0,7412.388241,39.226637,0.000,29.312,0.330,0.000000,0.000000,0.000000
0,7412.391588,7.627010,0.000,29.312,0.330,0.000000,0.000000,0.000000
0,7412.402451,7.627010,0.000,29.312,0.330,0.000000,0.000000,0.000000
0,7412.411665,7.627010,0.000,29.312,0.330,0.000000,0.000000,0.000000
0,7412.432046,7.627010,0.000,29.312,0.330,0.000000,0.000000,0.000000
0,7412.434240,7.627010,0.000,29.312,0.330,0.000000,0.000000,0.000000
0,7412.454681,7.627010,0.000,29.312,0.330,0.000000,0.000000,0.000000
0,7412.456177,21.954122,0.000,29.312,0.330,0.000000,0.000000,0.000000
0,7412.461832,21.954122,0.000,29.312,0.330,0.000000,0.000000,0.000000
0,7412.471874,21.954122,0.000,29.312,0.330,0.000000,0.000000,0.000000
0,7412.482083,21.954122,0.000,29.312,0.330,0.000000,0.000000,0.000000
0,7412.484049,21.954122,0.000,29.312,0.330,0.000000,0.000000,0.000000
0,7412.488465,21.954122,0.000,29.312,0.330,0.000000,0.000000,0.000000
0,7412.491598,7.680655,0.000,29.312,0.330,0.000000,0.000000,0.000000
0,7412.502041,7.680655,0.000,29.312,0.330,0.000000,0.000000,0.000000
0,7412.522427,7.680655,0.000,29.312,0.330,0.000000,0.000000,0.000000
0,7412.534324,7.680655,0.000,29.312,0.330,0.000000,0.000000,0.000000
0,7412.539430,5.149409,0.000,29.312,0.330,0.000000,0.000000,0.000000
0,7412.541561,5.149409,0.000,29.312,0.330,0.000000,0.000000,0.000000
0,7412.552047,5.149409,0.000,29.312,0.330,0.000000,0.000000,0.000000
0,7412.561812,5.149409,0.000,29.312,0.330,0.000000,0.000000,0.000000
0,7412.571846,5.149409,0.000,29.312,0.330,0.000000,0.000000,0.000000
0,7412.582184,5.149409,0.000,29.312,0.330,0.000000,0.000000,0.000000
0,7412.584157,5.149409,0.000,29.312,0.330,0.000000,0.000000,0.000000
0,7412.584294,5.149409,0.000,29.312,0.379,0.000000,0.000000,0.000000
0,7412.588364,5.149409,0.000,29.312,0.379,0.000000,0.000000,0.000000
0,7412.608711,5.149409,0.000,29.312,0.379,0.000000,0.000000,0.000000
0,7412.623037,38.795654,0.000,29.312,0.379,0.000000,0.000000,0.000000
0,7412.631805,38.795654,0.000,29.312,0.379,0.000000,0.000000,0.000000
0,7412.634025,38.795654,0.000,29.312,0.379,0.000000,0.000000,0.000000
0,7412.641645,7.648527,0.000,29.312,0.379,0.000000,0.000000,0.000000
0,7412.651812,7.648527,0.000,29.312,0.379,0.000000,0.000000,0.000000
0,7412.661875,7.648527,0.000,29.312,0.379,0.000000,0.000000,0.000000
0,7412.682408,7.648527,0.000,29.312,0.379,0.000000,0.000000,0.000000
0,7412.684330,7.648527,0.000,29.312,0.379,0.000000,0.000000,0.000000
0,7412.688973,7.648527,0.000,29.312,0.379,0.000000,0.000000,0.000000
0,7412.707032,22.587688,0.000,29.312,0.379,0.000000,0.000000,0.000000
0,7412.711972,22.587688,0.000,29.312,0.379,0.000000,0.000000,0.000000
0,7412.721904,22.587688,0.000,29.312,0.379,0.000000,0.000000,0.000000
0,7412.731825,22.587688,0.000,29.312,0.379,0.000000,0.000000,0.000000
0,7412.734140,22.587688,0.000,29.312,0.379,0.000000,0.000000,0.000000
0,7412.741868,7.719065,0.000,29.312,0.379,0.000000,0.000000,0.000000
0,7412.752376,7.719065,0.000,29.312,0.379,0.000000,0.000000,0.000000
0,7412.773027,7.719065,0.000,29.312,0.379,0.000000,0.000000,0.000000
0,7412.784668,7.719065,0.000,29.312,0.379,0.000000,0.000000,0.000000
0,7412.789918,7.719065,0.000,29.312,0.379,0.000000,0.000000,0.000000
0,7412.790887,6.595850,0.000,29.312,0.379,0.000000,0.000000,0.000000
0,7412.791680,6.595850,0.000,29.312,0.379,0.000000,0.000000,0.000000
0,7412.802325,6.595850,0.000,29.312,0.379,0.000000,0.000000,0.000000
0,7412.811888,6.595850,0.000,29.312,0.379,0.000000,0.000000,0.000000
0,7412.822298,6.595850,0.000,29.312,0.379,0.000000,0.000000,0.000000
0,7412.832031,6.595850,0.000,29.312,0.379,0.000000,0.000000,0.000000
0,7412.834165,6.595850,0.000,29.312,0.379,0.000000,0.000000,0.000000
0,7412.854728,6.595850,0.000,29.312,0.379,0.000000,0.000000,0.000000
0,7412.873127,38.812700,0.000,29.312,0.379,0.000000,0.000000,0.000000
0,7412.882149,38.812700,0.000,29.312,0.379,0.000000,0.000000,0.000000
0,7412.884159,38.812700,0.000,29.312,0.379,0.000000,0.000000,0.000000
0,7412.888852,38.812700,0.000,29.312,0.379,0.000000,0.000000,0.000000
0,7412.892079,7.926013,0.000,29.312,0.379,0.000000,0.000000,0.000000
0,7412.902313,7.926013,0.000,29.312,0.379,0.000000,0.000000,0.000000
0,7412.911758,7.926013,0.000,29.312,0.379,0.000000,0.000000,0.000000
0,7412.932177,7.926013,0.000,29.312,0.379,0.000000,0.000000,0.000000
0,7412.934299,7.926013,0.000,29.312,0.379,0.000000,0.000000,0.000000
0,7412.954880,7.926013,0.000,29.312,0.379,0.000000,0.000000,0.000000
0,7412.956539,22.242555,0.000,29.312,0.379,0.000000,0.000000,0.000000
0,7412.961858,22.242555,0.000,29.312,0.379,0.000000,0.000000,0.000000
0,7412.972154,22.242555,0.000,29.312,0.379,0.000000,0.000000,0.000000
0,7412.982242,22.242555,0.000,29.312,0.379,0.000000,0.000000,0.000000
0,7412.984820,22.242555,0.000,29.312,0.379,0.000000,0.000000,0.000000
0,7412.989244,22.242555,0.000,29.312,0.379,0.000000,0.000000,0.000000
0,7412.991937,7.447481,0.000,29.312,0.379,0.000000,0.000000,0.000000
0,7413.002448,7.447481,0.000,29.312,0.379,0.000000,0.000000,0.000000
0,7413.023007,7.447481,0.000,29.312,0.379,0.000000,0.000000,0.000000
0,7413.034641,7.447481,0.000,29.312,0.379,0.000000,0.000000,0.000000
0,7413.040612,5.924702,0.000,29.312,0.379,0.000000,0.000000,0.000000
0,7413.041803,5.924702,0.000,29.312,0.379,0.000000,0.000000,0.000000
0,7413.052099,5.924702,0.000,29.312,0.379,0.000000,0.000000,0.000000
0,7413.062020,5.924702,0.000,29.312,0.379,0.000000,0.000000,0.000000
0,7413.072375,5.924702,0.000,29.312,0.379,0.000000,0.000000,0.000000
0,7413.082201,5.924702,0.000,29.312,0.379,0.000000,0.000000,0.000000
0,7413.084084,5.924702,0.000,29.312,0.379,0.000000,0.000000,0.000000
0,7413.088741,5.924702,0.000,29.312,0.379,0.000000,0.000000,0.000000
0,7413.109231,5.924702,0.000,29.312,0.379,0.000000,0.000000,0.000000
0,7413.123329,39.152046,0.000,29.312,0.379,0.000000,0.000000,0.000000
0,7413.131898,39.152046,0.000,29.312,0.379,0.000000,0.000000,0.000000
0,7413.134049,39.152046,0.000,29.312,0.379,0.000000,0.000000,0.000000
0,7413.141718,7.669291,0.000,29.312,0.379,0.000000,0.000000,0.000000
0,7413.152281,7.669291,0.000,29.312,0.379,0.000000,0.000000,0.000000
0,7413.162286,7.669291,0.000,29.312,0.379,0.000000,0.000000,0.000000
0,7413.182716,7.669291,0.000,29.312,0.379,0.000000,0.000000,0.000000
0,7413.184518,7.669291,0.000,29.312,0.379,0.000000,0.000000,0.000000
0,7413.188420,7.669291,0.000,29.312,0.379,0.000000,0.000000,0.000000
0,7413.206785,22.180957,0.000,29.312,0.379,0.000000,0.000000,0.000000
0,7413.212096,22.180957,0.000,29.312,0.379,0.000000,0.000000,0.000000
0,7413.222080,22.180957,0.000,29.312,0.379,0.000000,0.000000,0.000000
0,7413.231874,22.180957,0.000,29.312,0.379,0.000000,0.000000,0.000000
0,7413.234152,22.180957,0.000,29.312,0.379,0.000000,0.000000,0.000000
0,7413.241550,7.598400,0.000,29.312,0.379,0.000000,0.000000,0.000000
0,7413.252393,7.598400,0.000,29.312,0.379,0.000000,0.000000,0.000000
0,7413.272924,7.598400,0.000,29.312,0.379,0.000000,0.000000,0.000000
0,7413.284759,7.598400,0.000,29.312,0.379,0.000000,0.000000,0.000000
0,7413.289006,7.598400,0.000,29.312,0.379,0.000000,0.000000,0.000000
0,7413.290228,5.562782,0.000,29.312,0.379,0.000000,0.000000,0.000000
0,7413.291647,5.562782,0.000,29.312,0.379,0.000000,0.000000,0.000000
0,7413.302563,5.562782,0.000,29.312,0.379,0.000000,0.000000,0.000000
0,7413.312326,5.562782,0.000,29.312,0.379,0.000000,0.000000,0.000000
0,7413.322051,5.562782,0.000,29.312,0.379,0.000000,0.000000,0.000000
0,7413.332090,5.562782,0.000,29.312,0.379,0.000000,0.000000,0.000000
0,7413.334861,5.562782,0.000,29.312,0.379,0.000000,0.000000,0.000000
0,7413.355371,5.562782,0.000,29.312,0.379,0.000000,0.000000,0.000000
0,7413.373828,38.884554,0.000,29.312,0.379,0.000000,0.000000,0.000000
0,7413.382241,38.884554,0.000,29.312,0.379,0.000000,0.000000,0.000000
0,7413.384934,38.884554,0.000,29.312,0.379,0.000000,0.000000,0.000000
0,7413.389453,38.884554,0.000,29.312,0.379,0.000000,0.000000,0.000000
0,7413.392094,7.297277,0.000,29.312,0.379,0.000000,0.000000,0.000000
0,7413.402419,7.297277,0.000,29.312,0.379,0.000000,0.000000,0.000000
0,7413.411970,7.297277,0.000,29.312,0.379,0.000000,0.000000,0.000000
0,7413.432465,7.297277,0.000,29.312,0.379,0.000000,0.000000,0.000000
0,7413.434082,7.297277,0.000,29.312,0.379,0.000000,0.000000,0.000000
0,7413.454616,7.297277,0.000,29.312,0.379,0.000000,0.000000,0.000000
0,7413.456458,22.333919,0.000,29.312,0.379,0.000000,0.000000,0.000000
0,7413.461902,22.333919,0.000,29.312,0.379,0.000000,0.000000,0.000000
0,7413.471927,22.333919,0.000,29.312,0.379,0.000000,0.000000,0.000000
0,7413.482066,22.333919,0.000,29.312,0.379,0.000000,0.000000,0.000000
0,7413.484015,22.333919,0.000,29.312,0.379,0.000000,0.000000,0.000000
0,7413.488463,22.333919,0.000,29.312,0.379,0.000000,0.000000,0.000000
0,7413.492219,8.207843,0.000,29.312,0.379,0.000000,0.000000,0.000000
0,7413.502135,8.207843,0.000,29.312,0.379,0.000000,0.000000,0.000000
0,7413.522369,8.207843,0.000,29.312,0.379,0.000000,0.000000,0.000000
0,7413.534014,8.207843,0.000,29.312,0.379,0.000000,0.000000,0.000000
0,7413.539947,5.891554,0.000,29.312,0.379,0.000000,0.000000,0.000000
0,7413.541928,5.891554,0.000,29.312,0.379,0.000000,0.000000,0.000000
0,7413.552090,5.891554,0.000,29.312,0.379,0.000000,0.000000,0.000000
0,7413.562040,5.891554,0.000,29.312,0.379,0.000000,0.000000,0.000000
0,7413.572308,5.891554,0.000,29.312,0.379,0.000000,0.000000,0.000000
0,7413.582420,5.891554,0.000,29.312,0.379,0.000000,0.000000,0.000000
0,7413.584638,5.891554,0.000,29.312,0.379,0.000000,0.000000,0.000000
0,7413.584789,5.891554,0.000,29.312,0.393,0.000000,0.000000,0.000000
0,7413.589504,5.891554,0.000,29.312,0.393,0.000000,0.000000,0.000000
0,7413.609961,5.891554,0.000,29.312,0.393,0.000000,0.000000,0.000000
0,7413.623280,38.893700,0.000,29.312,0.393,0.000000,0.000000,0.000000
0,7413.632230,38.893700,0.000,29.312,0.393,0.000000,0.000000,0.000000
0,7413.634784,38.893700,0.000,29.312,0.393,0.000000,0.000000,0.000000
0,7413.641832,7.278442,0.000,29.312,0.393,0.000000,0.000000,0.000000
0,7413.652389,7.278442,0.000,29.312,0.393,0.000000,0.000000,0.000000
0,7413.662036,7.278442,0.000,29.312,0.393,0.000000,0.000000,0.000000
0,7413.682807,7.278442,0.000,29.312,0.393,0.000000,0.000000,0.000000
0,7413.685317,7.278442,0.000,29.312,0.393,0.000000,0.000000,0.000000
0,7413.688822,7.278442,0.000,29.312,0.393,0.000000,0.000000,0.000000
0,7413.706731,21.501541,0.000,29.312,0.393,0.000000,0.000000,0.000000
0,7413.711995,21.501541,0.000,29.312,0.393,0.000000,0.000000,0.000000
0,7413.722063,21.501541,0.000,29.312,0.393,0.000000,0.000000,0.000000
0,7413.732120,21.501541,0.000,29.312,0.393,0.000000,0.000000,0.000000
0,7413.734791,21.501541,0.000,29.312,0.393,0.000000,0.000000,0.000000
0,7413.742096,7.280111,0.000,29.312,0.393,0.000000,0.000000,0.000000
0,7413.752482,7.280111,0.000,29.312,0.393,0.000000,0.000000,0.000000
0,7413.772926,7.280111,0.000,29.312,0.393,0.000000,0.000000,0.000000
0,7413.785423,7.280111,0.000,29.312,0.393,0.000000,0.000000,0.000000
0,7413.789630,7.280111,0.000,29.312,0.393,0.000000,0.000000,0.000000
0,7413.790133,5.581379,0.000,29.312,0.393,0.000000,0.000000,0.000000
0,7413.791774,5.581379,0.000,29.312,0.393,0.000000,0.000000,0.000000
0,7413.802243,5.581379,0.000,29.312,0.393,0.000000,0.000000,0.000000
0,7413.812126,5.581379,0.000,29.312,0.393,0.000000,0.000000,0.000000
0,7413.822074,5.581379,0.000,29.312,0.393,0.000000,0.000000,0.000000
0,7413.831989,5.581379,0.000,29.312,0.393,0.000000,0.000000,0.000000
0,7413.834814,5.581379,0.000,29.312,0.393,0.000000,0.000000,0.000000
0,7413.855329,5.581379,0.000,29.312,0.393,0.000000,0.000000,0.000000
0,7413.874044,39.095961,0.000,29.312,0.393,0.000000,0.000000,0.000000
0,7413.882561,39.095961,0.000,29.312,0.393,0.000000,0.000000,0.000000
0,7413.885050,39.095961,0.000,29.312,0.393,0.000000,0.000000,0.000000
0,7413.889486,39.095961,0.000,29.312,0.393,0.000000,0.000000,0.000000
0,7413.892272,7.224051,0.000,29.312,0.393,0.000000,0.000000,0.000000
0,7413.902459,7.224051,0.000,29.312,0.393,0.000000,0.000000,0.000000
0,7413.912152,7.224051,0.000,29.312,0.393,0.000000,0.000000,0.000000
0,7413.932492,7.224051,0.000,29.312,0.393,0.000000,0.000000,0.000000
0,7413.935026,7.224051,0.000,29.312,0.393,0.000000,0.000000,0.000000
0,7413.955478,7.224051,0.000,29.312,0.393,0.000000,0.000000,0.000000
0,7413.956917,21.895315,0.000,29.312,0.393,0.000000,0.000000,0.000000
0,7413.961708,21.895315,0.000,29.312,0.393,0.000000,0.000000,0.000000
0,7413.971831,21.895315,0.000,29.312,0.393,0.000000,0.000000,0.000000
0,7413.982279,21.895315,0.000,29.312,0.393,0.000000,0.000000,0.000000
0,7413.985203,21.895315,0.000,29.312,0.393,0.000000,0.000000,0.000000
0,7413.989142,21.895315,0.000,29.312,0.393,0.000000,0.000000,0.000000
0,7413.991989,7.283211,0.000,29.312,0.393,0.000000,0.000000,0.000000
0,7414.002226,7.283211,0.000,29.312,0.393,0.000000,0.000000,0.000000
0,7414.022617,7.283211,0.000,29.312,0.393,0.000000,0.000000,0.000000
0,7414.035632,7.283211,0.000,29.312,0.393,0.000000,0.000000,0.000000
0,7414.040801,5.485296,0.000,29.312,0.393,0.000000,0.000000,0.000000
0,7414.041857,5.485296,0.000,29.312,0.393,0.000000,0.000000,0.000000
0,7414.052428,5.485296,0.000,29.312,0.393,0.000000,0.000000,0.000000
0,7414.061971,5.485296,0.000,29.312,0.393,0.000000,0.000000,0.000000
0,7414.071617,5.485296,0.000,29.312,0.393,0.000000,0.000000,0.000000
0,7414.081687,5.485296,0.000,29.312,0.393,0.000000,0.000000,0.000000
0,7414.085018,5.485296,0.000,29.312,0.393,0.000000,0.000000,0.000000
0,7414.089051,5.485296,0.000,29.312,0.393,0.000000,0.000000,0.000000
0,7414.109376,5.485296,0.000,29.312,0.393,0.000000,0.000000,0.000000
0,7414.124043,39.283037,0.000,29.312,0.393,0.000000,0.000000,0.000000
0,7414.131760,39.283037,0.000,29.312,0.393,0.000000,0.000000,0.000000
0,7414.135109,39.283037,0.000,29.312,0.393,0.000000,0.000000,0.000000
0,7414.141920,6.987810,0.000,29.312,0.393,0.000000,0.000000,0.000000
0,7414.152108,6.987810,0.000,29.312,0.393,0.000000,0.000000,0.000000
0,7414.161657,6.987810,0.000,29.312,0.393,0.000000,0.000000,0.000000
0,7414.182177,6.987810,0.000,29.312,0.393,0.000000,0.000000,0.000000
0,7414.185706,6.987810,0.000,29.312,0.393,0.000000,0.000000,0.000000
0,7414.189399,6.987810,0.000,29.312,0.393,0.000000,0.000000,0.000000
0,7414.206510,21.060228,0.000,29.312,0.393,0.000000,0.000000,0.000000
0,7414.211710,21.060228,0.000,29.312,0.393,0.000000,0.000000,0.000000
0,7414.221867,21.060228,0.000,29.312,0.393,0.000000,0.000000,0.000000
0,7414.231885,21.060228,0.000,29.312,0.393,0.000000,0.000000,0.000000
0,7414.234806,21.060228,0.000,29.312,0.393,0.000000,0.000000,0.000000
0,7414.241970,7.268429,0.000,29.312,0.393,0.000000,0.000000,0.000000
0,7414.252382,7.268429,0.000,29.312,0.393,0.000000,0.000000,0.000000
0,7414.272819,7.268429,0.000,29.312,0.393,0.000000,0.000000,0.000000
0,7414.285652,7.268429,0.000,29.312,0.393,0.000000,0.000000,0.000000
0,7414.289646,7.268429,0.000,29.312,0.393,0.000000,0.000000,0.000000
0,7414.289955,5.018473,0.000,29.312,0.393,0.000000,0.000000,0.000000
0,7414.291665,5.018473,0.000,29.312,0.393,0.000000,0.000000,0.000000
0,7414.301748,5.018473,0.000,29.312,0.393,0.000000,0.000000,0.000000
0,7414.311888,5.018473,0.000,29.312,0.393,0.000000,0.000000,0.000000
0,7414.321612,5.018473,0.000,29.312,0.393,0.000000,0.000000,0.000000
0,7414.331923,5.018473,0.000,29.312,0.393,0.000000,0.000000,0.000000
0,7414.334779,5.018473,0.000,29.312,0.393,0.000000,0.000000,0.000000
0,7414.355281,5.018473,0.000,29.312,0.393,0.000000,0.000000,0.000000
0,7414.373640,38.747409,0.000,29.312,0.393,0.000000,0.000000,0.000000
0,7414.382601,38.747409,0.000,29.312,0.393,0.000000,0.000000,0.000000
0,7414.384898,38.747409,0.000,29.312,0.393,0.000000,0.000000,0.000000
0,7414.388615,38.747409,0.000,29.312,0.393,0.000000,0.000000,0.000000
0,7414.391755,7.258654,0.000,29.312,0.393,0.000000,0.000000,0.000000
0,7414.402447,7.258654,0.000,29.312,0.393,0.000000,0.000000,0.000000
0,7414.412325,7.258654,0.000,29.312,0.393,0.000000,0.000000,0.000000
0,7414.432699,7.258654,0.000,29.312,0.393,0.000000,0.000000,0.000000
0,7414.435378,7.258654,0.000,29.312,0.393,0.000000,0.000000,0.000000
0,7414.455926,7.258654,0.000,29.312,0.393,0.000000,0.000000,0.000000
0,7414.456903,21.534128,0.000,29.312,0.393,0.000000,0.000000,0.000000
0,7414.461854,21.534128,0.000,29.312,0.393,0.000000,0.000000,0.000000
0,7414.471851,21.534128,0.000,29.312,0.393,0.000000,0.000000,0.000000
0,7414.481922,21.534128,0.000,29.312,0.393,0.000000,0.000000,0.000000
0,7414.484922,21.534128,0.000,29.312,0.393,0.000000,0.000000,0.000000
0,7414.491469,21.534128,0.000,29.312,0.393,0.000000,0.000000,0.000000
0,7414.491729,7.332563,0.000,29.312,0.393,0.000000,0.000000,0.000000
0,7414.502353,7.332563,0.000,29.312,0.393,0.000000,0.000000,0.000000
0,7414.522876,7.332563,0.000,29.312,0.393,0.000000,0.000000,0.000000
0,7414.535272,7.332563,0.000,29.312,0.393,0.000000,0.000000,0.000000
0,7414.539888,4.776478,0.000,29.312,0.393,0.000000,0.000000,0.000000
0,7414.541965,4.776478,0.000,29.312,0.393,0.000000,0.000000,0.000000
0,7414.552046,4.776478,0.000,29.312,0.393,0.000000,0.000000,0.000000
0,7414.562071,4.776478,0.000,29.312,0.393,0.000000,0.000000,0.000000
0,7414.572187,4.776478,0.000,29.312,0.393,0.000000,0.000000,0.000000
0,7414.582074,4.776478,0.000,29.312,0.393,0.000000,0.000000,0.000000
0,7414.585218,4.776478,0.000,29.312,0.393,0.000000,0.000000,0.000000
0,7414.585624,4.776478,0.000,29.312,0.874,0.000000,0.000000,0.000000
0,7414.592415,4.776478,0.000,29.312,0.874,0.000000,0.000000,0.000000
0,7414.612783,4.776478,0.000,29.312,0.874,0.000000,0.000000,0.000000
0,7414.623406,38.301706,0.000,29.312,0.874,0.000000,0.000000,0.000000
0,7414.631953,38.301706,0.000,29.312,0.874,0.000000,0.000000,0.000000
0,7414.634135,38.301706,0.000,29.312,0.874,0.000000,0.000000,0.000000
0,7414.641894,7.771256,0.000,29.312,0.874,0.000000,0.000000,0.000000
0,7414.652285,7.771256,0.000,29.312,0.874,0.000000,0.000000,0.000000
0,7414.661992,7.771256,0.000,29.312,0.874,0.000000,0.000000,0.000000
0,7414.682478,7.771256,0.000,29.312,0.874,0.000000,0.000000,0.000000
0,7414.684433,7.771256,0.000,29.312,0.874,0.000000,0.000000,0.000000
0,7414.692947,7.771256,0.000,29.312,0.874,0.000000,0.000000,0.000000
0,7414.707932,23.467472,0.000,29.312,0.874,0.000000,0.000000,0.000000
0,7414.712385,23.467472,0.000,29.312,0.874,0.000000,0.000000,0.000000
0,7414.721856,23.467472,0.000,29.312,0.874,0.000000,0.000000,0.000000
0,7414.731914,23.467472,0.000,29.312,0.874,0.000000,0.000000,0.000000
0,7414.734608,23.467472,0.000,29.312,0.874,0.000000,0.000000,0.000000
0,7414.742038,7.457018,0.000,29.312,0.874,0.000000,0.000000,0.000000
0,7414.752269,7.457018,0.000,29.312,0.874,0.000000,0.000000,0.000000
0,7414.772662,7.457018,0.000,29.312,0.874,0.000000,0.000000,0.000000
0,7414.784918,7.457018,0.000,29.312,0.874,0.000000,0.000000,0.000000
0,7414.790879,5.939891,0.000,29.312,0.874,0.000000,0.000000,0.000000
0,7414.791433,5.939891,0.000,29.312,0.874,0.000000,0.000000,0.000000
0,7414.792022,5.939891,0.000,29.312,0.874,0.000000,0.000000,0.000000
0,7414.802221,5.939891,0.000,29.312,0.874,0.000000,0.000000,0.000000
0,7414.812256,5.939891,0.000,29.312,0.874,0.000000,0.000000,0.000000
0,7414.822027,5.939891,0.000,29.312,0.874,0.000000,0.000000,0.000000
0,7414.831972,5.939891,0.000,29.312,0.874,0.000000,0.000000,0.000000
0,7414.834382,5.939891,0.000,29.312,0.874,0.000000,0.000000,0.000000
0,7414.854812,5.939891,0.000,29.312,0.874,0.000000,0.000000,0.000000
0,7414.873585,39.098546,0.000,29.312,0.874,0.000000,0.000000,0.000000
0,7414.881672,39.098546,0.000,29.312,0.874,0.000000,0.000000,0.000000
0,7414.884055,39.098546,0.000,29.312,0.874,0.000000,0.000000,0.000000
0,7414.891654,39.098546,0.000,29.312,0.874,0.000000,0.000000,0.000000
0,7414.891839,7.812953,0.000,29.312,0.874,0.000000,0.000000,0.000000
0,7414.902714,7.812953,0.000,29.312,0.874,0.000000,0.000000,0.000000
0,7414.911799,7.812953,0.000,29.312,0.874,0.000000,0.000000,0.000000
0,7414.932304,7.812953,0.000,29.312,0.874,0.000000,0.000000,0.000000
0,7414.934422,7.812953,0.000,29.312,0.874,0.000000,0.000000,0.000000
0,7414.955150,7.812953,0.000,29.312,0.874,0.000000,0.000000,0.000000
0,7414.956423,22.151709,0.000,29.312,0.874,0.000000,0.000000,0.000000
0,7414.962052,22.151709,0.000,29.312,0.874,0.000000,0.000000,0.000000
0,7414.971956,22.151709,0.000,29.312,0.874,0.000000,0.000000,0.000000
0,7414.982132,22.151709,0.000,29.312,0.874,0.000000,0.000000,0.000000
0,7414.984350,22.151709,0.000,29.312,0.874,0.000000,0.000000,0.000000
0,7414.991384,22.151709,0.000,29.312,0.874,0.000000,0.000000,0.000000
0,7414.992147,7.845656,0.000,29.312,0.874,0.000000,0.000000,0.000000
0,7415.002693,7.845656,0.000,29.312,0.874,0.000000,0.000000,0.000000
0,7415.023193,7.845656,0.000,29.312,0.874,0.000000,0.000000,0.000000
0,7415.034678,7.845656,0.000,29.312,0.874,0.000000,0.000000,0.000000
0,7415.040922,6.233893,0.000,29.312,0.874,0.000000,0.000000,0.000000
0,7415.041666,6.233893,0.000,29.312,0.874,0.000000,0.000000,0.000000
0,7415.052320,6.233893,0.000,29.312,0.874,0.000000,0.000000,0.000000
0,7415.061911,6.233893,0.000,29.312,0.874,0.000000,0.000000,0.000000
0,7415.071972,6.233893,0.000,29.312,0.874,0.000000,0.000000,0.000000
0,7415.082086,6.233893,0.000,29.312,0.874,0.000000,0.000000,0.000000
0,7415.084234,6.233893,0.000,29.312,0.874,0.000000,0.000000,0.000000
0,7415.091106,6.233893,0.000,29.312,0.874,0.000000,0.000000,0.000000
0,7415.111618,6.233893,0.000,29.312,0.874,0.000000,0.000000,0.000000
0,7415.123233,38.910562,0.000,29.312,0.874,0.000000,0.000000,0.000000
0,7415.132054,38.910562,0.000,29.312,0.874,0.000000,0.000000,0.000000
0,7415.134897,38.910562,0.000,29.312,0.874,0.000000,0.000000,0.000000
0,7415.141833,7.302284,0.000,29.312,0.874,0.000000,0.000000,0.000000
0,7415.152129,7.302284,0.000,29.312,0.874,0.000000,0.000000,0.000000
0,7415.162053,7.302284,0.000,29.312,0.874,0.000000,0.000000,0.000000
0,7415.182512,7.302284,0.000,29.312,0.874,0.000000,0.000000,0.000000
0,7415.185271,7.302284,0.000,29.312,0.874,0.000000,0.000000,0.000000
0,7415.191510,7.302284,0.000,29.312,0.874,0.000000,0.000000,0.000000
0,7415.206816,21.509612,0.000,29.312,0.874,0.000000,0.000000,0.000000
0,7415.212091,21.509612,0.000,29.312,0.874,0.000000,0.000000,0.000000
0,7415.222078,21.509612,0.000,29.312,0.874,0.000000,0.000000,0.000000
0,7415.231843,21.509612,0.000,29.312,0.874,0.000000,0.000000,0.000000
0,7415.234226,21.509612,0.000,29.312,0.874,0.000000,0.000000,0.000000
0,7415.241754,7.535934,0.000,29.312,0.874,0.000000,0.000000,0.000000
0,7415.252501,7.535934,0.000,29.312,0.874,0.000000,0.000000,0.000000
0,7415.273157,7.535934,0.000,29.312,0.874,0.000000,0.000000,0.000000
0,7415.284707,7.535934,0.000,29.312,0.874,0.000000,0.000000,0.000000
0,7415.290332,5.595684,0.000,29.312,0.874,0.000000,0.000000,0.000000
0,7415.291757,5.595684,0.000,29.312,0.874,0.000000,0.000000,0.000000
0,7415.292023,5.595684,0.000,29.312,0.874,0.000000,0.000000,0.000000
0,7415.302570,5.595684,0.000,29.312,0.874,0.000000,0.000000,0.000000
0,7415.312358,5.595684,0.000,29.312,0.874,0.000000,0.000000,0.000000
0,7415.321789,5.595684,0.000,29.312,0.874,0.000000,0.000000,0.000000
0,7415.332011,5.595684,0.000,29.312,0.874,0.000000,0.000000,0.000000
0,7415.334453,5.595684,0.000,29.312,0.874,0.000000,0.000000,0.000000
0,7415.354981,5.595684,0.000,29.312,0.874,0.000000,0.000000,0.000000
0,7415.373351,38.881779,0.000,29.312,0.874,0.000000,0.000000,0.000000
0,7415.381754,38.881779,0.000,29.312,0.874,0.000000,0.000000,0.000000
0,7415.385006,38.881779,0.000,29.312,0.874,0.000000,0.000000,0.000000
0,7415.391200,38.881779,0.000,29.312,0.874,0.000000,0.000000,0.000000
0,7415.392112,7.302761,0.000,29.312,0.874,0.000000,0.000000,0.000000
0,7415.402539,7.302761,0.000,29.312,0.874,0.000000,0.000000,0.000000
0,7415.412355,7.302761,0.000,29.312,0.874,0.000000,0.000000,0.000000
0,7415.432982,7.302761,0.000,29.312,0.874,0.000000,0.000000,0.000000
0,7415.435606,7.302761,0.000,29.312,0.874,0.000000,0.000000,0.000000
0,7415.456244,7.302761,0.000,29.312,0.874,0.000000,0.000000,0.000000
0,7415.457209,21.742821,0.000,29.312,0.874,0.000000,0.000000,0.000000
0,7415.462018,21.742821,0.000,29.312,0.874,0.000000,0.000000,0.000000
0,7415.472275,21.742821,0.000,29.312,0.874,0.000000,0.000000,0.000000
0,7415.482303,21.742821,0.000,29.312,0.874,0.000000,0.000000,0.000000
0,7415.484418,21.742821,0.000,29.312,0.874,0.000000,0.000000,0.000000
0,7415.492095,7.549047,0.000,29.312,0.874,0.000000,0.000000,0.000000
0,7415.492575,7.549047,0.000,29.312,0.874,0.000000,0.000000,0.000000
0,7415.502423,7.549047,0.000,29.312,0.874,0.000000,0.000000,0.000000
0,7415.523332,7.549047,0.000,29.312,0.874,0.000000,0.000000,0.000000
0,7415.534685,7.549047,0.000,29.312,0.874,0.000000,0.000000,0.000000
0,7415.540153,5.549669,0.000,29.312,0.874,0.000000,0.000000,0.000000
0,7415.541896,5.549669,0.000,29.312,0.874,0.000000,0.000000,0.000000
0,7415.552344,5.549669,0.000,29.312,0.874,0.000000,0.000000,0.000000
0,7415.561958,5.549669,0.000,29.312,0.874,0.000000,0.000000,0.000000
0,7415.572476,5.549669,0.000,29.312,0.874,0.000000,0.000000,0.000000
0,7415.582357,5.549669,0.000,29.312,0.874,0.000000,0.000000,0.000000
0,7415.584552,5.549669,0.000,29.312,0.874,0.000000,0.000000,0.000000
0,7415.584967,5.549669,0.000,29.312,0.331,0.000000,0.000000,0.000000
0,7415.592099,5.549669,0.000,29.312,0.331,0.000000,0.000000,0.000000
0,7415.612974,5.549669,0.000,29.312,0.331,0.000000,0.000000,0.000000
0,7415.624274,39.629285,0.000,29.312,0.331,0.000000,0.000000,0.000000
0,7415.632309,39.629285,0.000,29.312,0.331,0.000000,0.000000,0.000000
0,7415.634662,39.629285,0.000,29.312,0.331,0.000000,0.000000,0.000000
0,7415.642368,7.783890,0.000,29.312,0.331,0.000000,0.000000,0.000000
0,7415.652507,7.783890,0.000,29.312,0.331,0.000000,0.000000,0.000000
0,7415.662424,7.783890,0.000,29.312,0.331,0.000000,0.000000,0.000000
0,7415.683299,7.783890,0.000,29.312,0.331,0.000000,0.000000,0.000000
0,7415.684653,7.783890,0.000,29.312,0.331,0.000000,0.000000,0.000000
0,7415.692181,7.783890,0.000,29.312,0.331,0.000000,0.000000,0.000000
0,7415.706486,21.885059,0.000,29.312,0.331,0.000000,0.000000,0.000000
0,7415.711836,21.885059,0.000,29.312,0.331,0.000000,0.000000,0.000000
0,7415.721874,21.885059,0.000,29.312,0.331,0.000000,0.000000,0.000000
0,7415.731916,21.885059,0.000,29.312,0.331,0.000000,0.000000,0.000000
0,7415.734102,21.885059,0.000,29.312,0.331,0.000000,0.000000,0.000000
0,7415.741756,7.702827,0.000,29.312,0.331,0.000000,0.000000,0.000000
0,7415.752019,7.702827,0.000,29.312,0.331,0.000000,0.000000,0.000000
0,7415.772329,7.702827,0.000,29.312,0.331,0.000000,0.000000,0.000000
0,7415.784774,7.702827,0.000,29.312,0.331,0.000000,0.000000,0.000000
0,7415.790466,5.709171,0.000,29.312,0.331,0.000000,0.000000,0.000000
0,7415.792096,5.709171,0.000,29.312,0.331,0.000000,0.000000,0.000000
0,7415.792240,5.709171,0.000,29.312,0.331,0.000000,0.000000,0.000000
0,7415.802346,5.709171,0.000,29.312,0.331,0.000000,0.000000,0.000000
0,7415.811983,5.709171,0.000,29.312,0.331,0.000000,0.000000,0.000000
0,7415.822023,5.709171,0.000,29.312,0.331,0.000000,0.000000,0.000000
0,7415.831922,5.709171,0.000,29.312,0.331,0.000000,0.000000,0.000000
0,7415.834208,5.709171,0.000,29.312,0.331,0.000000,0.000000,0.000000
0,7415.854605,5.709171,0.000,29.312,0.331,0.000000,0.000000,0.000000
0,7415.873258,38.949431,0.000,29.312,0.331,0.000000,0.000000,0.000000
0,7415.881937,38.949431,0.000,29.312,0.331,0.000000,0.000000,0.000000
0,7415.884122,38.949431,0.000,29.312,0.331,0.000000,0.000000,0.000000
0,7415.891905,38.949431,0.000,29.312,0.331,0.000000,0.000000,0.000000
0,7415.892083,8.000698,0.000,29.312,0.331,0.000000,0.000000,0.000000
0,7415.902345,8.000698,0.000,29.312,0.331,0.000000,0.000000,0.000000
0,7415.911963,8.000698,0.000,29.312,0.331,0.000000,0.000000,0.000000
0,7415.932556,8.000698,0.000,29.312,0.331,0.000000,0.000000,0.000000
0,7415.934450,8.000698,0.000,29.312,0.331,0.000000,0.000000,0.000000
0,7415.954898,8.000698,0.000,29.312,0.331,0.000000,0.000000,0.000000
0,7415.957222,22.707622,0.000,29.312,0.331,0.000000,0.000000,0.000000
0,7415.961852,22.707622,0.000,29.312,0.331,0.000000,0.000000,0.000000
0,7415.971831,22.707622,0.000,29.312,0.331,0.000000,0.000000,0.000000
0,7415.981580,22.707622,0.000,29.312,0.331,0.000000,0.000000,0.000000
0,7415.984062,22.707622,0.000,29.312,0.331,0.000000,0.000000,0.000000
0,7415.991503,22.707622,0.000,29.312,0.331,0.000000,0.000000,0.000000
0,7415.991883,7.839854,0.000,29.312,0.331,0.000000,0.000000,0.000000
0,7416.002343,7.839854,0.000,29.312,0.331,0.000000,0.000000,0.000000
0,7416.022761,7.839854,0.000,29.312,0.331,0.000000,0.000000,0.000000
0,7416.034249,7.839854,0.000,29.312,0.331,0.000000,0.000000,0.000000
0,7416.039663,5.574942,0.000,29.312,0.331,0.000000,0.000000,0.000000
0,7416.041607,5.574942,0.000,29.312,0.331,0.000000,0.000000,0.000000
0,7416.052098,5.574942,0.000,29.312,0.331,0.000000,0.000000,0.000000
0,7416.061831,5.574942,0.000,29.312,0.331,0.000000,0.000000,0.000000
0,7416.071822,5.574942,0.000,29.312,0.331,0.000000,0.000000,0.000000
0,7416.081702,5.574942,0.000,29.312,0.331,0.000000,0.000000,0.000000
0,7416.084248,5.574942,0.000,29.312,0.331,0.000000,0.000000,0.000000
0,7416.091518,5.574942,0.000,29.312,0.331,0.000000,0.000000,0.000000
0,7416.111812,5.574942,0.000,29.312,0.331,0.000000,0.000000,0.000000
0,7416.123256,38.934617,0.000,29.312,0.331,0.000000,0.000000,0.000000
0,7416.132225,38.934617,0.000,29.312,0.331,0.000000,0.000000,0.000000
0,7416.134489,38.934617,0.000,29.312,0.331,0.000000,0.000000,0.000000
0,7416.142283,7.709612,0.000,29.312,0.331,0.000000,0.000000,0.000000
0,7416.152476,7.709612,0.000,29.312,0.331,0.000000,0.000000,0.000000
0,7416.162186,7.709612,0.000,29.312,0.331,0.000000,0.000000,0.000000
0,7416.182973,7.709612,0.000,29.312,0.331,0.000000,0.000000,0.000000
0,7416.184621,7.709612,0.000,29.312,0.331,0.000000,0.000000,0.000000
0,7416.192174,7.709612,0.000,29.312,0.331,0.000000,0.000000,0.000000
0,7416.206989,22.240422,0.000,29.312,0.331,0.000000,0.000000,0.000000
0,7416.212291,22.240422,0.000,29.312,0.331,0.000000,0.000000,0.000000
0,7416.222423,22.240422,0.000,29.312,0.331,0.000000,0.000000,0.000000
0,7416.231874,22.240422,0.000,29.312,0.331,0.000000,0.000000,0.000000
0,7416.234082,22.240422,0.000,29.312,0.331,0.000000,0.000000,0.000000
0,7416.241757,7.745981,0.000,29.312,0.331,0.000000,0.000000,0.000000
0,7416.252008,7.745981,0.000,29.312,0.331,0.000000,0.000000,0.000000
0,7416.272428,7.745981,0.000,29.312,0.331,0.000000,0.000000,0.000000
0,7416.284528,7.745981,0.000,29.312,0.331,0.000000,0.000000,0.000000
0,7416.289896,5.156431,0.000,29.312,0.331,0.000000,0.000000,0.000000
0,7416.292208,5.156431,0.000,29.312,0.331,0.000000,0.000000,0.000000
0,7416.292806,5.156431,0.000,29.312,0.331,0.000000,0.000000,0.000000
0,7416.302512,5.156431,0.000,29.312,0.331,0.000000,0.000000,0.000000
0,7416.312284,5.156431,0.000,29.312,0.331,0.000000,0.000000,0.000000
0,7416.321921,5.156431,0.000,29.312,0.331,0.000000,0.000000,0.000000
0,7416.331791,5.156431,0.000,29.312,0.331,0.000000,0.000000,0.000000
0,7416.335150,5.156431,0.000,29.312,0.331,0.000000,0.000000,0.000000
0,7416.355609,5.156431,0.000,29.312,0.331,0.000000,0.000000,0.000000
0,7416.373147,38.205385,0.000,29.312,0.331,0.000000,0.000000,0.000000
0,7416.381893,38.205385,0.000,29.312,0.331,0.000000,0.000000,0.000000
0,7416.385115,38.205385,0.000,29.312,0.331,0.000000,0.000000,0.000000
0,7416.391618,7.140160,0.000,29.312,0.331,0.000000,0.000000,0.000000
0,7416.391755,7.140160,0.000,29.312,0.331,0.000000,0.000000,0.000000
0,7416.402128,7.140160,0.000,29.312,0.331,0.000000,0.000000,0.000000
0,7416.411686,7.140160,0.000,29.312,0.331,0.000000,0.000000,0.000000
0,7416.432070,7.140160,0.000,29.312,0.331,0.000000,0.000000,0.000000
0,7416.435457,7.140160,0.000,29.312,0.331,0.000000,0.000000,0.000000
0,7416.455902,7.140160,0.000,29.312,0.331,0.000000,0.000000,0.000000
0,7416.456240,21.418333,0.000,29.312,0.331,0.000000,0.000000,0.000000
0,7416.461760,21.418333,0.000,29.312,0.331,0.000000,0.000000,0.000000
0,7416.471988,21.418333,0.000,29.312,0.331,0.000000,0.000000,0.000000
0,7416.481848,21.418333,0.000,29.312,0.331,0.000000,0.000000,0.000000
0,7416.485391,21.418333,0.000,29.312,0.331,0.000000,0.000000,0.000000
0,7416.491585,7.193804,0.000,29.312,0.331,0.000000,0.000000,0.000000
0,7416.491823,7.193804,0.000,29.312,0.331,0.000000,0.000000,0.000000
0,7416.502078,7.193804,0.000,29.312,0.331,0.000000,0.000000,0.000000
0,7416.522502,7.193804,0.000,29.312,0.331,0.000000,0.000000,0.000000
0,7416.535280,7.193804,0.000,29.312,0.331,0.000000,0.000000,0.000000
0,7416.539726,4.723787,0.000,29.312,0.331,0.000000,0.000000,0.000000
0,7416.541615,4.723787,0.000,29.312,0.331,0.000000,0.000000,0.000000
0,7416.552053,4.723787,0.000,29.312,0.331,0.000000,0.000000,0.000000
0,7416.561716,4.723787,0.000,29.312,0.331,0.000000,0.000000,0.000000
0,7416.571702,4.723787,0.000,29.312,0.331,0.000000,0.000000,0.000000
0,7416.581696,4.723787,0.000,29.312,0.331,0.000000,0.000000,0.000000
0,7416.584702,4.723787,0.000,29.312,0.331,0.000000,0.000000,0.000000
0,7416.585093,4.723787,0.000,29.312,0.747,0.000000,0.000000,0.000000
0,7416.591983,4.723787,0.000,29.312,0.747,0.000000,0.000000,0.000000
0,7416.612283,4.723787,0.000,29.312,0.747,0.000000,0.000000,0.000000
0,7416.623712,38.959503,0.000,29.312,0.747,0.000000,0.000000,0.000000
0,7416.631915,38.959503,0.000,29.312,0.747,0.000000,0.000000,0.000000
0,7416.634679,38.959503,0.000,29.312,0.747,0.000000,0.000000,0.000000
0,7416.641926,7.286787,0.000,29.312,0.747,0.000000,0.000000,0.000000
0,7416.652205,7.286787,0.000,29.312,0.747,0.000000,0.000000,0.000000
0,7416.661943,7.286787,0.000,29.312,0.747,0.000000,0.000000,0.000000
0,7416.682303,7.286787,0.000,29.312,0.747,0.000000,0.000000,0.000000
0,7416.685337,7.286787,0.000,29.312,0.747,0.000000,0.000000,0.000000
0,7416.691682,7.286787,0.000,29.312,0.747,0.000000,0.000000,0.000000
0,7416.706947,21.595855,0.000,29.312,0.747,0.000000,0.000000,0.000000
0,7416.711753,21.595855,0.000,29.312,0.747,0.000000,0.000000,0.000000
0,7416.721914,21.595855,0.000,29.312,0.747,0.000000,0.000000,0.000000
0,7416.732246,21.595855,0.000,29.312,0.747,0.000000,0.000000,0.000000
0,7416.734209,21.595855,0.000,29.312,0.747,0.000000,0.000000,0.000000
0,7416.742190,8.003686,0.000,29.312,0.747,0.000000,0.000000,0.000000
0,7416.752009,8.003686,0.000,29.312,0.747,0.000000,0.000000,0.000000
0,7416.772426,8.003686,0.000,29.312,0.747,0.000000,0.000000,0.000000
0,7416.784659,8.003686,0.000,29.312,0.747,0.000000,0.000000,0.000000
0,7416.790311,5.841970,0.000,29.312,0.747,0.000000,0.000000,0.000000
0,7416.792056,5.841970,0.000,29.312,0.747,0.000000,0.000000,0.000000
0,7416.792211,5.841970,0.000,29.312,0.747,0.000000,0.000000,0.000000
0,7416.802091,5.841970,0.000,29.312,0.747,0.000000,0.000000,0.000000
0,7416.811827,5.841970,0.000,29.312,0.747,0.000000,0.000000,0.000000
0,7416.821764,5.841970,0.000,29.312,0.747,0.000000,0.000000,0.000000
0,7416.831718,5.841970,0.000,29.312,0.747,0.000000,0.000000,0.000000
0,7416.833978,5.841970,0.000,29.312,0.747,0.000000,0.000000,0.000000
0,7416.854436,5.841970,0.000,29.312,0.747,0.000000,0.000000,0.000000
0,7416.872880,38.782205,0.000,29.312,0.747,0.000000,0.000000,0.000000
0,7416.881771,38.782205,0.000,29.312,0.747,0.000000,0.000000,0.000000
0,7416.884125,38.782205,0.000,29.312,0.747,0.000000,0.000000,0.000000
0,7416.891366,38.782205,0.000,29.312,0.747,0.000000,0.000000,0.000000
0,7416.891821,7.709026,0.000,29.312,0.747,0.000000,0.000000,0.000000
0,7416.901937,7.709026,0.000,29.312,0.747,0.000000,0.000000,0.000000
0,7416.911942,7.709026,0.000,29.312,0.747,0.000000,0.000000,0.000000
0,7416.932310,7.709026,0.000,29.312,0.747,0.000000,0.000000,0.000000
0,7416.935467,7.709026,0.000,29.312,0.747,0.000000,0.000000,0.000000
0,7416.955910,7.709026,0.000,29.312,0.747,0.000000,0.000000,0.000000
0,7416.956616,21.445990,0.000,29.312,0.747,0.000000,0.000000,0.000000
0,7416.961881,21.445990,0.000,29.312,0.747,0.000000,0.000000,0.000000
0,7416.971769,21.445990,0.000,29.312,0.747,0.000000,0.000000,0.000000
0,7416.981762,21.445990,0.000,29.312,0.747,0.000000,0.000000,0.000000
0,7416.984895,21.445990,0.000,29.312,0.747,0.000000,0.000000,0.000000
0,7416.992262,7.393754,0.000,29.312,0.747,0.000000,0.000000,0.000000
0,7416.992427,7.393754,0.000,29.312,0.747,0.000000,0.000000,0.000000
0,7417.002477,7.393754,0.000,29.312,0.747,0.000000,0.000000,0.000000
0,7417.022925,7.393754,0.000,29.312,0.747,0.000000,0.000000,0.000000
0,7417.035201,7.393754,0.000,29.312,0.747,0.000000,0.000000,0.000000
0,7417.040080,5.130529,0.000,29.312,0.747,0.000000,0.000000,0.000000
0,7417.041666,5.130529,0.000,29.312,0.747,0.000000,0.000000,0.000000
0,7417.051694,5.130529,0.000,29.312,0.747,0.000000,0.000000,0.000000
0,7417.061653,5.130529,0.000,29.312,0.747,0.000000,0.000000,0.000000
0,7417.071571,5.130529,0.000,29.312,0.747,0.000000,0.000000,0.000000
0,7417.081704,5.130529,0.000,29.312,0.747,0.000000,0.000000,0.000000
0,7417.085241,5.130529,0.000,29.312,0.747,0.000000,0.000000,0.000000
0,7417.092343,5.130529,0.000,29.312,0.747,0.000000,0.000000,0.000000
0,7417.112682,5.130529,0.000,29.312,0.747,0.000000,0.000000,0.000000
0,7417.123490,38.219452,0.000,29.312,0.747,0.000000,0.000000,0.000000
0,7417.131873,38.219452,0.000,29.312,0.747,0.000000,0.000000,0.000000
0,7417.134686,38.219452,0.000,29.312,0.747,0.000000,0.000000,0.000000
0,7417.141576,7.243872,0.000,29.312,0.747,0.000000,0.000000,0.000000
0,7417.152469,7.243872,0.000,29.312,0.747,0.000000,0.000000,0.000000
0,7417.161975,7.243872,0.000,29.312,0.747,0.000000,0.000000,0.000000
0,7417.182457,7.243872,0.000,29.312,0.747,0.000000,0.000000,0.000000
0,7417.185685,7.243872,0.000,29.312,0.747,0.000000,0.000000,0.000000
0,7417.192637,7.243872,0.000,29.312,0.747,0.000000,0.000000,0.000000
0,7417.207222,21.844387,0.000,29.312,0.747,0.000000,0.000000,0.000000
0,7417.211668,21.844387,0.000,29.312,0.747,0.000000,0.000000,0.000000
0,7417.222095,21.844387,0.000,29.312,0.747,0.000000,0.000000,0.000000
0,7417.232184,21.844387,0.000,29.312,0.747,0.000000,0.000000,0.000000
0,7417.234891,21.844387,0.000,29.312,0.747,0.000000,0.000000,0.000000
0,7417.241827,7.192850,0.000,29.312,0.747,0.000000,0.000000,0.000000
0,7417.252237,7.192850,0.000,29.312,0.747,0.000000,0.000000,0.000000
0,7417.272676,7.192850,0.000,29.312,0.747,0.000000,0.000000,0.000000
0,7417.285283,7.192850,0.000,29.312,0.747,0.000000,0.000000,0.000000
0,7417.289355,7.192850,0.000,29.312,0.747,0.000000,0.000000,0.000000
0,7417.290335,5.140644,0.000,29.312,0.747,0.000000,0.000000,0.000000
0,7417.291664,5.140644,0.000,29.312,0.747,0.000000,0.000000,0.000000
0,7417.302149,5.140644,0.000,29.312,0.747,0.000000,0.000000,0.000000
0,7417.311984,5.140644,0.000,29.312,0.747,0.000000,0.000000,0.000000
0,7417.321843,5.140644,0.000,29.312,0.747,0.000000,0.000000,0.000000
0,7417.331723,5.140644,0.000,29.312,0.747,0.000000,0.000000,0.000000
0,7417.334775,5.140644,0.000,29.312,0.747,0.000000,0.000000,0.000000
0,7417.355117,5.140644,0.000,29.312,0.747,0.000000,0.000000,0.000000
0,7417.373564,38.723946,0.000,29.312,0.747,0.000000,0.000000,0.000000
0,7417.382067,38.723946,0.000,29.312,0.747,0.000000,0.000000,0.000000
0,7417.384943,38.723946,0.000,29.312,0.747,0.000000,0.000000,0.000000
0,7417.389599,38.723946,0.000,29.312,0.747,0.000000,0.000000,0.000000
0,7417.392040,7.377148,0.000,29.312,0.747,0.000000,0.000000,0.000000
0,7417.402082,7.377148,0.000,29.312,0.747,0.000000,0.000000,0.000000
0,7417.412020,7.377148,0.000,29.312,0.747,0.000000,0.000000,0.000000
0,7417.432322,7.377148,0.000,29.312,0.747,0.000000,0.000000,0.000000
0,7417.435232,7.377148,0.000,29.312,0.747,0.000000,0.000000,0.000000
0,7417.455591,7.377148,0.000,29.312,0.747,0.000000,0.000000,0.000000
0,7417.456675,21.464814,0.000,29.312,0.747,0.000000,0.000000,0.000000
0,7417.461983,21.464814,0.000,29.312,0.747,0.000000,0.000000,0.000000
0,7417.471930,21.464814,0.000,29.312,0.747,0.000000,0.000000,0.000000
0,7417.481685,21.464814,0.000,29.312,0.747,0.000000,0.000000,0.000000
0,7417.484943,21.464814,0.000,29.312,0.747,0.000000,0.000000,0.000000
0,7417.489561,21.464814,0.000,29.312,0.747,0.000000,0.000000,0.000000
0,7417.491608,7.284164,0.000,29.312,0.747,0.000000,0.000000,0.000000
0,7417.502117,7.284164,0.000,29.312,0.747,0.000000,0.000000,0.000000
0,7417.522442,7.284164,0.000,29.312,0.747,0.000000,0.000000,0.000000
0,7417.535132,7.284164,0.000,29.312,0.747,0.000000,0.000000,0.000000
0,7417.539644,4.800320,0.000,29.312,0.747,0.000000,0.000000,0.000000
0,7417.541596,4.800320,0.000,29.312,0.747,0.000000,0.000000,0.000000
0,7417.551861,4.800320,0.000,29.312,0.747,0.000000,0.000000,0.000000
0,7417.561729,4.800320,0.000,29.312,0.747,0.000000,0.000000,0.000000
0,7417.571872,4.800320,0.000,29.312,0.747,0.000000,0.000000,0.000000
0,7417.581718,4.800320,0.000,29.312,0.747,0.000000,0.000000,0.000000
0,7417.584919,4.800320,0.000,29.312,0.747,0.000000,0.000000,0.000000
0,7417.585201,4.800320,0.000,29.312,0.752,0.000000,0.000000,0.000000
0,7417.589286,4.800320,0.000,29.312,0.752,0.000000,0.000000,0.000000
0,7417.609676,4.800320,0.000,29.312,0.752,0.000000,0.000000,0.000000
0,7417.623647,38.990498,0.000,29.312,0.752,0.000000,0.000000,0.000000
0,7417.631873,38.990498,0.000,29.312,0.752,0.000000,0.000000,0.000000
0,7417.634864,38.990498,0.000,29.312,0.752,0.000000,0.000000,0.000000
0,7417.641790,7.267714,0.000,29.312,0.752,0.000000,0.000000,0.000000
0,7417.652147,7.267714,0.000,29.312,0.752,0.000000,0.000000,0.000000
0,7417.661667,7.267714,0.000,29.312,0.752,0.000000,0.000000,0.000000
0,7417.682076,7.267714,0.000,29.312,0.752,0.000000,0.000000,0.000000
0,7417.685490,7.267714,0.000,29.312,0.752,0.000000,0.000000,0.000000
0,7417.689808,7.267714,0.000,29.312,0.752,0.000000,0.000000,0.000000
0,7417.707202,22.167444,0.000,29.312,0.752,0.000000,0.000000,0.000000
0,7417.711725,22.167444,0.000,29.312,0.752,0.000000,0.000000,0.000000
0,7417.721907,22.167444,0.000,29.312,0.752,0.000000,0.000000,0.000000
0,7417.731963,22.167444,0.000,29.312,0.752,0.000000,0.000000,0.000000
0,7417.734794,22.167444,0.000,29.312,0.752,0.000000,0.000000,0.000000
0,7417.741893,7.184982,0.000,29.312,0.752,0.000000,0.000000,0.000000
0,7417.752420,7.184982,0.000,29.312,0.752,0.000000,0.000000,0.000000
0,7417.772837,7.184982,0.000,29.312,0.752,0.000000,0.000000,0.000000
0,7417.785486,7.184982,0.000,29.312,0.752,0.000000,0.000000,0.000000
0,7417.789325,7.184982,0.000,29.312,0.752,0.000000,0.000000,0.000000
0,7417.790285,5.412817,0.000,29.312,0.752,0.000000,0.000000,0.000000
0,7417.791622,5.412817,0.000,29.312,0.752,0.000000,0.000000,0.000000
0,7417.802060,5.412817,0.000,29.312,0.752,0.000000,0.000000,0.000000
0,7417.811911,5.412817,0.000,29.312,0.752,0.000000,0.000000,0.000000
0,7417.821810,5.412817,0.000,29.312,0.752,0.000000,0.000000,0.000000
0,7417.832064,5.412817,0.000,29.312,0.752,0.000000,0.000000,0.000000
0,7417.834828,5.412817,0.000,29.312,0.752,0.000000,0.000000,0.000000
0,7417.855254,5.412817,0.000,29.312,0.752,0.000000,0.000000,0.000000
0,7417.873483,38.579556,0.000,29.312,0.752,0.000000,0.000000,0.000000
0,7417.881864,38.579556,0.000,29.312,0.752,0.000000,0.000000,0.000000
0,7417.884700,38.579556,0.000,29.312,0.752,0.000000,0.000000,0.000000
0,7417.889485,38.579556,0.000,29.312,0.752,0.000000,0.000000,0.000000
0,7417.891927,7.291555,0.000,29.312,0.752,0.000000,0.000000,0.000000
0,7417.902388,7.291555,0.000,29.312,0.752,0.000000,0.000000,0.000000
0,7417.912243,7.291555,0.000,29.312,0.752,0.000000,0.000000,0.000000
0,7417.932652,7.291555,0.000,29.312,0.752,0.000000,0.000000,0.000000
0,7417.934344,7.291555,0.000,29.312,0.752,0.000000,0.000000,0.000000
0,7417.954833,7.291555,0.000,29.312,0.752,0.000000,0.000000,0.000000
0,7417.956393,22.027922,0.000,29.312,0.752,0.000000,0.000000,0.000000
0,7417.962024,22.027922,0.000,29.312,0.752,0.000000,0.000000,0.000000
0,7417.972141,22.027922,0.000,29.312,0.752,0.000000,0.000000,0.000000
0,7417.982284,22.027922,0.000,29.312,0.752,0.000000,0.000000,0.000000
0,7417.983953,22.027922,0.000,29.312,0.752,0.000000,0.000000,0.000000
0,7417.991507,22.027922,0.000,29.312,0.752,0.000000,0.000000,0.000000
0,7417.992584,8.632710,0.000,29.312,0.752,0.000000,0.000000,0.000000
0,7418.002238,8.632710,0.000,29.312,0.752,0.000000,0.000000,0.000000
0,7418.022841,8.632710,0.000,29.312,0.752,0.000000,0.000000,0.000000
0,7418.034665,8.632710,0.000,29.312,0.752,0.000000,0.000000,0.000000
0,7418.040084,5.635977,0.000,29.312,0.752,0.000000,0.000000,0.000000
0,7418.042018,5.635977,0.000,29.312,0.752,0.000000,0.000000,0.000000
0,7418.052438,5.635977,0.000,29.312,0.752,0.000000,0.000000,0.000000
0,7418.061741,5.635977,0.000,29.312,0.752,0.000000,0.000000,0.000000
0,7418.072165,5.635977,0.000,29.312,0.752,0.000000,0.000000,0.000000
0,7418.081746,5.635977,0.000,29.312,0.752,0.000000,0.000000,0.000000
0,7418.084298,5.635977,0.000,29.312,0.752,0.000000,0.000000,0.000000
0,7418.091449,5.635977,0.000,29.312,0.752,0.000000,0.000000,0.000000
0,7418.111792,5.635977,0.000,29.312,0.752,0.000000,0.000000,0.000000
0,7418.122872,38.503625,0.000,29.312,0.752,0.000000,0.000000,0.000000
0,7418.131785,38.503625,0.000,29.312,0.752,0.000000,0.000000,0.000000
0,7418.134165,38.503625,0.000,29.312,0.752,0.000000,0.000000,0.000000
0,7418.141810,7.645395,0.000,29.312,0.752,0.000000,0.000000,0.000000
0,7418.152150,7.645395,0.000,29.312,0.752,0.000000,0.000000,0.000000
0,7418.162109,7.645395,0.000,29.312,0.752,0.000000,0.000000,0.000000
0,7418.182614,7.645395,0.000,29.312,0.752,0.000000,0.000000,0.000000
0,7418.184442,7.645395,0.000,29.312,0.752,0.000000,0.000000,0.000000
0,7418.191603,7.645395,0.000,29.312,0.752,0.000000,0.000000,0.000000
0,7418.206549,22.035508,0.000,29.312,0.752,0.000000,0.000000,0.000000
0,7418.212074,22.035508,0.000,29.312,0.752,0.000000,0.000000,0.000000
0,7418.221882,22.035508,0.000,29.312,0.752,0.000000,0.000000,0.000000
0,7418.231807,22.035508,0.000,29.312,0.752,0.000000,0.000000,0.000000
0,7418.234052,22.035508,0.000,29.312,0.752,0.000000,0.000000,0.000000
0,7418.241598,7.626057,0.000,29.312,0.752,0.000000,0.000000,0.000000
0,7418.252058,7.626057,0.000,29.312,0.752,0.000000,0.000000,0.000000
0,7418.272445,7.626057,0.000,29.312,0.752,0.000000,0.000000,0.000000
0,7418.284509,7.626057,0.000,29.312,0.752,0.000000,0.000000,0.000000
0,7418.289971,5.446023,0.000,29.312,0.752,0.000000,0.000000,0.000000
0,7418.291640,5.446023,0.000,29.312,0.752,0.000000,0.000000,0.000000
0,7418.291794,5.446023,0.000,29.312,0.752,0.000000,0.000000,0.000000
0,7418.302404,5.446023,0.000,29.312,0.752,0.000000,0.000000,0.000000
0,7418.311609,5.446023,0.000,29.312,0.752,0.000000,0.000000,0.000000
0,7418.321883,5.446023,0.000,29.312,0.752,0.000000,0.000000,0.000000
0,7418.331900,5.446023,0.000,29.312,0.752,0.000000,0.000000,0.000000
0,7418.333964,5.446023,0.000,29.312,0.752,0.000000,0.000000,0.000000
0,7418.354323,5.446023,0.000,29.312,0.752,0.000000,0.000000,0.000000
0,7418.373106,39.006602,0.000,29.312,0.752,0.000000,0.000000,0.000000
0,7418.381790,39.006602,0.000,29.312,0.752,0.000000,0.000000,0.000000
0,7418.383987,39.006602,0.000,29.312,0.752,0.000000,0.000000,0.000000
0,7418.391103,39.006602,0.000,29.312,0.752,0.000000,0.000000,0.000000
0,7418.391583,7.674456,0.000,29.312,0.752,0.000000,0.000000,0.000000
0,7418.402044,7.674456,0.000,29.312,0.752,0.000000,0.000000,0.000000
0,7418.411814,7.674456,0.000,29.312,0.752,0.000000,0.000000,0.000000
0,7418.432220,7.674456,0.000,29.312,0.752,0.000000,0.000000,0.000000
0,7418.434666,7.674456,0.000,29.312,0.752,0.000000,0.000000,0.000000
0,7418.455105,7.674456,0.000,29.312,0.752,0.000000,0.000000,0.000000
0,7418.456044,21.561623,0.000,29.312,0.752,0.000000,0.000000,0.000000
0,7418.461951,21.561623,0.000,29.312,0.752,0.000000,0.000000,0.000000
0,7418.472188,21.561623,0.000,29.312,0.752,0.000000,0.000000,0.000000
0,7418.481880,21.561623,0.000,29.312,0.752,0.000000,0.000000,0.000000
0,7418.484416,21.561623,0.000,29.312,0.752,0.000000,0.000000,0.000000
0,7418.491184,21.561623,0.000,29.312,0.752,0.000000,0.000000,0.000000
0,7418.491855,7.680655,0.000,29.312,0.752,0.000000,0.000000,0.000000
0,7418.502211,7.680655,0.000,29.312,0.752,0.000000,0.000000,0.000000
0,7418.522715,7.680655,0.000,29.312,0.752,0.000000,0.000000,0.000000
0,7418.534512,7.680655,0.000,29.312,0.752,0.000000,0.000000,0.000000
0,7418.539888,5.419872,0.000,29.312,0.752,0.000000,0.000000,0.000000
0,7418.541759,5.419872,0.000,29.312,0.752,0.000000,0.000000,0.000000
0,7418.552345,5.419872,0.000,29.312,0.752,0.000000,0.000000,0.000000
0,7418.561867,5.419872,0.000,29.312,0.752,0.000000,0.000000,0.000000
0,7418.571848,5.419872,0.000,29.312,0.752,0.000000,0.000000,0.000000
0,7418.581704,5.419872,0.000,29.312,0.752,0.000000,0.000000,0.000000
0,7418.583997,5.419872,0.000,29.312,0.752,0.000000,0.000000,0.000000
0,7418.584214,5.419872,0.000,29.312,0.387,0.000000,0.000000,0.000000
0,7418.591241,5.419872,0.000,29.312,0.387,0.000000,0.000000,0.000000
0,7418.611574,5.419872,0.000,29.312,0.387,0.000000,0.000000,0.000000
0,7418.622999,38.903704,0.000,29.312,0.387,0.000000,0.000000,0.000000
0,7418.631811,38.903704,0.000,29.312,0.387,0.000000,0.000000,0.000000
0,7418.634181,38.903704,0.000,29.312,0.387,0.000000,0.000000,0.000000
0,7418.641717,7.657766,0.000,29.312,0.387,0.000000,0.000000,0.000000
0,7418.652126,7.657766,0.000,29.312,0.387,0.000000,0.000000,0.000000
0,7418.661896,7.657766,0.000,29.312,0.387,0.000000,0.000000,0.000000
0,7418.682198,7.657766,0.000,29.312,0.387,0.000000,0.000000,0.000000
0,7418.684389,7.657766,0.000,29.312,0.387,0.000000,0.000000,0.000000
0,7418.691346,7.657766,0.000,29.312,0.387,0.000000,0.000000,0.000000
0,7418.706637,22.180832,0.000,29.312,0.387,0.000000,0.000000,0.000000
0,7418.711848,22.180832,0.000,29.312,0.387,0.000000,0.000000,0.000000
0,7418.721766,22.180832,0.000,29.312,0.387,0.000000,0.000000,0.000000
0,7418.731735,22.180832,0.000,29.312,0.387,0.000000,0.000000,0.000000
0,7418.733970,22.180832,0.000,29.312,0.387,0.000000,0.000000,0.000000
0,7418.741607,7.676363,0.000,29.312,0.387,0.000000,0.000000,0.000000
0,7418.751860,7.676363,0.000,29.312,0.387,0.000000,0.000000,0.000000
0,7418.772248,7.676363,0.000,29.312,0.387,0.000000,0.000000,0.000000
0,7418.784438,7.676363,0.000,29.312,0.387,0.000000,0.000000,0.000000
0,7418.789934,5.708456,0.000,29.312,0.387,0.000000,0.000000,0.000000
0,7418.791677,5.708456,0.000,29.312,0.387,0.000000,0.000000,0.000000
0,7418.791894,5.708456,0.000,29.312,0.387,0.000000,0.000000,0.000000
0,7418.802118,5.708456,0.000,29.312,0.387,0.000000,0.000000,0.000000
0,7418.811652,5.708456,0.000,29.312,0.387,0.000000,0.000000,0.000000
0,7418.821766,5.708456,0.000,29.312,0.387,0.000000,0.000000,0.000000
0,7418.831902,5.708456,0.000,29.312,0.387,0.000000,0.000000,0.000000
0,7418.834045,5.708456,0.000,29.312,0.387,0.000000,0.000000,0.000000
0,7418.854519,5.708456,0.000,29.312,0.387,0.000000,0.000000,0.000000
0,7418.873595,39.426090,0.000,29.312,0.387,0.000000,0.000000,0.000000
0,7418.881867,39.426090,0.000,29.312,0.387,0.000000,0.000000,0.000000
0,7418.884566,39.426090,0.000,29.312,0.387,0.000000,0.000000,0.000000
0,7418.891601,39.426090,0.000,29.312,0.387,0.000000,0.000000,0.000000
0,7418.891889,7.554770,0.000,29.312,0.387,0.000000,0.000000,0.000000
0,7418.902157,7.554770,0.000,29.312,0.387,0.000000,0.000000,0.000000
0,7418.911970,7.554770,0.000,29.312,0.387,0.000000,0.000000,0.000000
0,7418.932438,7.554770,0.000,29.312,0.387,0.000000,0.000000,0.000000
0,7418.934802,7.554770,0.000,29.312,0.387,0.000000,0.000000,0.000000
0,7418.955340,7.554770,0.000,29.312,0.387,0.000000,0.000000,0.000000
0,7418.955975,21.335363,0.000,29.312,0.387,0.000000,0.000000,0.000000
0,7418.961866,21.335363,0.000,29.312,0.387,0.000000,0.000000,0.000000
0,7418.971856,21.335363,0.000,29.312,0.387,0.000000,0.000000,0.000000
0,7418.981586,21.335363,0.000,29.312,0.387,0.000000,0.000000,0.000000
0,7418.983793,21.335363,0.000,29.312,0.387,0.000000,0.000000,0.000000
0,7418.991643,7.907629,0.000,29.312,0.387,0.000000,0.000000,0.000000
0,7418.991793,7.907629,0.000,29.312,0.387,0.000000,0.000000,0.000000
0,7419.001759,7.907629,0.000,29.312,0.387,0.000000,0.000000,0.000000
0,7419.022115,7.907629,0.000,29.312,0.387,0.000000,0.000000,0.000000
0,7419.034214,7.907629,0.000,29.312,0.387,0.000000,0.000000,0.000000
0,7419.039953,5.856037,0.000,29.312,0.387,0.000000,0.000000,0.000000
0,7419.041628,5.856037,0.000,29.312,0.387,0.000000,0.000000,0.000000
0,7419.051942,5.856037,0.000,29.312,0.387,0.000000,0.000000,0.000000
0,7419.062126,5.856037,0.000,29.312,0.387,0.000000,0.000000,0.000000
0,7419.072128,5.856037,0.000,29.312,0.387,0.000000,0.000000,0.000000
0,7419.082467,5.856037,0.000,29.312,0.387,0.000000,0.000000,0.000000
0,7419.084654,5.856037,0.000,29.312,0.387,0.000000,0.000000,0.000000
0,7419.091842,5.856037,0.000,29.312,0.387,0.000000,0.000000,0.000000
0,7419.112295,5.856037,0.000,29.312,0.387,0.000000,0.000000,0.000000
0,7419.122987,38.606644,0.000,29.312,0.387,0.000000,0.000000,0.000000
0,7419.131916,38.606644,0.000,29.312,0.387,0.000000,0.000000,0.000000
0,7419.134104,38.606644,0.000,29.312,0.387,0.000000,0.000000,0.000000
0,7419.141613,7.779837,0.000,29.312,0.387,0.000000,0.000000,0.000000
0,7419.152078,7.779837,0.000,29.312,0.387,0.000000,0.000000,0.000000
0,7419.161648,7.779837,0.000,29.312,0.387,0.000000,0.000000,0.000000
0,7419.181931,7.779837,0.000,29.312,0.387,0.000000,0.000000,0.000000
0,7419.184357,7.779837,0.000,29.312,0.387,0.000000,0.000000,0.000000
0,7419.191816,7.779837,0.000,29.312,0.387,0.000000,0.000000,0.000000
0,7419.206383,21.914711,0.000,29.312,0.387,0.000000,0.000000,0.000000
0,7419.212147,21.914711,0.000,29.312,0.387,0.000000,0.000000,0.000000
0,7419.221989,21.914711,0.000,29.312,0.387,0.000000,0.000000,0.000000
0,7419.231870,21.914711,0.000,29.312,0.387,0.000000,0.000000,0.000000
0,7419.233824,21.914711,0.000,29.312,0.387,0.000000,0.000000,0.000000
0,7419.241667,7.865448,0.000,29.312,0.387,0.000000,0.000000,0.000000
0,7419.251990,7.865448,0.000,29.312,0.387,0.000000,0.000000,0.000000
0,7419.272573,7.865448,0.000,29.312,0.387,0.000000,0.000000,0.000000
0,7419.284410,7.865448,0.000,29.312,0.387,0.000000,0.000000,0.000000
0,7419.289874,5.432746,0.000,29.312,0.387,0.000000,0.000000,0.000000
0,7419.291703,5.432746,0.000,29.312,0.387,0.000000,0.000000,0.000000
0,7419.292527,5.432746,0.000,29.312,0.387,0.000000,0.000000,0.000000
0,7419.302465,5.432746,0.000,29.312,0.387,0.000000,0.000000,0.000000
0,7419.312478,5.432746,0.000,29.312,0.387,0.000000,0.000000,0.000000
0,7419.322438,5.432746,0.000,29.312,0.387,0.000000,0.000000,0.000000
0,7419.332336,5.432746,0.000,29.312,0.387,0.000000,0.000000,0.000000
0,7419.334475,5.432746,0.000,29.312,0.387,0.000000,0.000000,0.000000
0,7419.355415,5.432746,0.000,29.312,0.387,0.000000,0.000000,0.000000
0,7419.373873,39.288141,0.000,29.312,0.387,0.000000,0.000000,0.000000
0,7419.382352,39.288141,0.000,29.312,0.387,0.000000,0.000000,0.000000
0,7419.384791,39.288141,0.000,29.312,0.387,0.000000,0.000000,0.000000
0,7419.392342,7.558823,0.000,29.312,0.387,0.000000,0.000000,0.000000
0,7419.392829,7.558823,0.000,29.312,0.387,0.000000,0.000000,0.000000
0,7419.402466,7.558823,0.000,29.312,0.387,0.000000,0.000000,0.000000
0,7419.412143,7.558823,0.000,29.312,0.387,0.000000,0.000000,0.000000
0,7419.432938,7.558823,0.000,29.312,0.387,0.000000,0.000000,0.000000
0,7419.434642,7.558823,0.000,29.312,0.387,0.000000,0.000000,0.000000
0,7419.455627,7.558823,0.000,29.312,0.387,0.000000,0.000000,0.000000
0,7419.456734,22.155659,0.000,29.312,0.387,0.000000,0.000000,0.000000
0,7419.462096,22.155659,0.000,29.312,0.387,0.000000,0.000000,0.000000
0,7419.471927,22.155659,0.000,29.312,0.387,0.000000,0.000000,0.000000
0,7419.482269,22.155659,0.000,29.312,0.387,0.000000,0.000000,0.000000
0,7419.484619,22.155659,0.000,29.312,0.387,0.000000,0.000000,0.000000
0,7419.492049,22.155659,0.000,29.312,0.387,0.000000,0.000000,0.000000
0,7419.493072,8.451534,0.000,29.312,0.387,0.000000,0.000000,0.000000
0,7419.502338,8.451534,0.000,29.312,0.387,0.000000,0.000000,0.000000
0,7419.523260,8.451534,0.000,29.312,0.387,0.000000,0.000000,0.000000
0,7419.534870,8.451534,0.000,29.312,0.387,0.000000,0.000000,0.000000
0,7419.539890,5.319118,0.000,29.312,0.387,0.000000,0.000000,0.000000
0,7419.542082,5.319118,0.000,29.312,0.387,0.000000,0.000000,0.000000
0,7419.552462,5.319118,0.000,29.312,0.387,0.000000,0.000000,0.000000
0,7419.562201,5.319118,0.000,29.312,0.387,0.000000,0.000000,0.000000
0,7419.572139,5.319118,0.000,29.312,0.387,0.000000,0.000000,0.000000
0,7419.582197,5.319118,0.000,29.312,0.387,0.000000,0.000000,0.000000
0,7419.584365,5.319118,0.000,29.312,0.387,0.000000,0.000000,0.000000
0,7419.584753,5.319118,0.000,29.312,0.374,0.000000,0.000000,0.000000
0,7419.592139,5.319118,0.000,29.312,0.374,0.000000,0.000000,0.000000
0,7419.612993,5.319118,0.000,29.312,0.374,0.000000,0.000000,0.000000
0,7419.624628,40.133856,0.000,29.312,0.374,0.000000,0.000000,0.000000
0,7419.631837,40.133856,0.000,29.312,0.374,0.000000,0.000000,0.000000
0,7419.634360,40.133856,0.000,29.312,0.374,0.000000,0.000000,0.000000
0,7419.642042,7.661104,0.000,29.312,0.374,0.000000,0.000000,0.000000
0,7419.652527,7.661104,0.000,29.312,0.374,0.000000,0.000000,0.000000
0,7419.662245,7.661104,0.000,29.312,0.374,0.000000,0.000000,0.000000
0,7419.683080,7.661104,0.000,29.312,0.374,0.000000,0.000000,0.000000
0,7419.684795,7.661104,0.000,29.312,0.374,0.000000,0.000000,0.000000
0,7419.689435,7.661104,0.000,29.312,0.374,0.000000,0.000000,0.000000
0,7419.706674,21.789411,0.000,29.312,0.374,0.000000,0.000000,0.000000
0,7419.711996,21.789411,0.000,29.312,0.374,0.000000,0.000000,0.000000
0,7419.722292,21.789411,0.000,29.312,0.374,0.000000,0.000000,0.000000
0,7419.732023,21.789411,0.000,29.312,0.374,0.000000,0.000000,0.000000
0,7419.734173,21.789411,0.000,29.312,0.374,0.000000,0.000000,0.000000
0,7419.742082,7.853490,0.000,29.312,0.374,0.000000,0.000000,0.000000
0,7419.752025,7.853490,0.000,29.312,0.374,0.000000,0.000000,0.000000
0,7419.772726,7.853490,0.000,29.312,0.374,0.000000,0.000000,0.000000
0,7419.784745,7.853490,0.000,29.312,0.374,0.000000,0.000000,0.000000
0,7419.789312,7.853490,0.000,29.312,0.374,0.000000,0.000000,0.000000
0,7419.790407,5.856991,0.000,29.312,0.374,0.000000,0.000000,0.000000
0,7419.791842,5.856991,0.000,29.312,0.374,0.000000,0.000000,0.000000
0,7419.802391,5.856991,0.000,29.312,0.374,0.000000,0.000000,0.000000
0,7419.812136,5.856991,0.000,29.312,0.374,0.000000,0.000000,0.000000
0,7419.822325,5.856991,0.000,29.312,0.374,0.000000,0.000000,0.000000
0,7419.832069,5.856991,0.000,29.312,0.374,0.000000,0.000000,0.000000
0,7419.834252,5.856991,0.000,29.312,0.374,0.000000,0.000000,0.000000
0,7419.854854,5.856991,0.000,29.312,0.374,0.000000,0.000000,0.000000
0,7419.874331,40.034593,0.000,29.312,0.374,0.000000,0.000000,0.000000
0,7419.882113,40.034593,0.000,29.312,0.374,0.000000,0.000000,0.000000
0,7419.884539,40.034593,0.000,29.312,0.374,0.000000,0.000000,0.000000
0,7419.888930,40.034593,0.000,29.312,0.374,0.000000,0.000000,0.000000
0,7419.892128,7.598400,0.000,29.312,0.374,0.000000,0.000000,0.000000
0,7419.902291,7.598400,0.000,29.312,0.374,0.000000,0.000000,0.000000
0,7419.911927,7.598400,0.000,29.312,0.374,0.000000,0.000000,0.000000
0,7419.932694,7.598400,0.000,29.312,0.374,0.000000,0.000000,0.000000
0,7419.934669,7.598400,0.000,29.312,0.374,0.000000,0.000000,0.000000
0,7419.955350,7.598400,0.000,29.312,0.374,0.000000,0.000000,0.000000
0,7419.957052,22.400141,0.000,29.312,0.374,0.000000,0.000000,0.000000
0,7419.961744,22.400141,0.000,29.312,0.374,0.000000,0.000000,0.000000
0,7419.972338,22.400141,0.000,29.312,0.374,0.000000,0.000000,0.000000
0,7419.982073,22.400141,0.000,29.312,0.374,0.000000,0.000000,0.000000
0,7419.984546,22.400141,0.000,29.312,0.374,0.000000,0.000000,0.000000
0,7419.989170,22.400141,0.000,29.312,0.374,0.000000,0.000000,0.000000
0,7419.992389,7.765935,0.000,29.312,0.374,0.000000,0.000000,0.000000
0,7420.002236,7.765935,0.000,29.312,0.374,0.000000,0.000000,0.000000
0,7420.023082,7.765935,0.000,29.312,0.374,0.000000,0.000000,0.000000
0,7420.034742,7.765935,0.000,29.312,0.374,0.000000,0.000000,0.000000
0,7420.039883,5.359888,0.000,29.312,0.374,0.000000,0.000000,0.000000
0,7420.041914,5.359888,0.000,29.312,0.374,0.000000,0.000000,0.000000
0,7420.052169,5.359888,0.000,29.312,0.374,0.000000,0.000000,0.000000
0,7420.061887,5.359888,0.000,29.312,0.374,0.000000,0.000000,0.000000
0,7420.072068,5.359888,0.000,29.312,0.374,0.000000,0.000000,0.000000
0,7420.082082,5.359888,0.000,29.312,0.374,0.000000,0.000000,0.000000
0,7420.084757,5.359888,0.000,29.312,0.374,0.000000,0.000000,0.000000
0,7420.088811,5.359888,0.000,29.312,0.374,0.000000,0.000000,0.000000
0,7420.109682,5.359888,0.000,29.312,0.374,0.000000,0.000000,0.000000
0,7420.124050,39.253773,0.000,29.312,0.374,0.000000,0.000000,0.000000
0,7420.132219,39.253773,0.000,29.312,0.374,0.000000,0.000000,0.000000
0,7420.134365,39.253773,0.000,29.312,0.374,0.000000,0.000000,0.000000
0,7420.142220,7.728156,0.000,29.312,0.374,0.000000,0.000000,0.000000
0,7420.152238,7.728156,0.000,29.312,0.374,0.000000,0.000000,0.000000
0,7420.162425,7.728156,0.000,29.312,0.374,0.000000,0.000000,0.000000
0,7420.183362,7.728156,0.000,29.312,0.374,0.000000,0.000000,0.000000
0,7420.184835,7.728156,0.000,29.312,0.374,0.000000,0.000000,0.000000
0,7420.189784,7.728156,0.000,29.312,0.374,0.000000,0.000000,0.000000
0,7420.206577,21.754742,0.000,29.312,0.374,0.000000,0.000000,0.000000
0,7420.212209,21.754742,0.000,29.312,0.374,0.000000,0.000000,0.000000
0,7420.221519,21.754742,0.000,29.312,0.374,0.000000,0.000000,0.000000
0,7420.231873,21.754742,0.000,29.312,0.374,0.000000,0.000000,0.000000
0,7420.234077,21.754742,0.000,29.312,0.374,0.000000,0.000000,0.000000
0,7420.241641,7.625341,0.000,29.312,0.374,0.000000,0.000000,0.000000
0,7420.252225,7.625341,0.000,29.312,0.374,0.000000,0.000000,0.000000
0,7420.272621,7.625341,0.000,29.312,0.374,0.000000,0.000000,0.000000
0,7420.284358,7.625341,0.000,29.312,0.374,0.000000,0.000000,0.000000
0,7420.288336,7.625341,0.000,29.312,0.374,0.000000,0.000000,0.000000
0,7420.289501,5.615711,0.000,29.312,0.374,0.000000,0.000000,0.000000
0,7420.291683,5.615711,0.000,29.312,0.374,0.000000,0.000000,0.000000
0,7420.302326,5.615711,0.000,29.312,0.374,0.000000,0.000000,0.000000
0,7420.311781,5.615711,0.000,29.312,0.374,0.000000,0.000000,0.000000
0,7420.321814,5.615711,0.000,29.312,0.374,0.000000,0.000000,0.000000
